"S66x8_2",1,"2700_01WaterWater095_dim_S66x8",-1,"2701_01WaterWater100_monA_S66x8",-1,"2701_01WaterWater100_monB_S66x8",-4.912
"S66x8_3",1,"2701_01WaterWater100_dim_S66x8",-1,"2701_01WaterWater100_monA_S66x8",-1,"2701_01WaterWater100_monB_S66x8",-4.915
"S66x8_4",1,"2702_01WaterWater105_dim_S66x8",-1,"2701_01WaterWater100_monA_S66x8",-1,"2701_01WaterWater100_monB_S66x8",-4.739
"S66x8_5",1,"2703_01WaterWater110_dim_S66x8",-1,"2701_01WaterWater100_monA_S66x8",-1,"2701_01WaterWater100_monB_S66x8",-4.462
"S66x8_6",1,"2704_01WaterWater125_dim_S66x8",-1,"2701_01WaterWater100_monA_S66x8",-1,"2701_01WaterWater100_monB_S66x8",-3.46
"S66x8_7",1,"2705_01WaterWater150_dim_S66x8",-1,"2701_01WaterWater100_monA_S66x8",-1,"2701_01WaterWater100_monB_S66x8",-2.108
"S66x8_8",1,"2706_01WaterWater200_dim_S66x8",-1,"2701_01WaterWater100_monA_S66x8",-1,"2701_01WaterWater100_monB_S66x8",-0.871
"S66x8_10",1,"2708_02WaterMeOH095_dim_S66x8",-1,"2709_02WaterMeOH100_monA_S66x8",-1,"2709_02WaterMeOH100_monB_S66x8",-5.578
"S66x8_11",1,"2709_02WaterMeOH100_dim_S66x8",-1,"2709_02WaterMeOH100_monA_S66x8",-1,"2709_02WaterMeOH100_monB_S66x8",-5.589
"S66x8_12",1,"2710_02WaterMeOH105_dim_S66x8",-1,"2709_02WaterMeOH100_monA_S66x8",-1,"2709_02WaterMeOH100_monB_S66x8",-5.396
"S66x8_13",1,"2711_02WaterMeOH110_dim_S66x8",-1,"2709_02WaterMeOH100_monA_S66x8",-1,"2709_02WaterMeOH100_monB_S66x8",-5.086
"S66x8_14",1,"2712_02WaterMeOH125_dim_S66x8",-1,"2709_02WaterMeOH100_monA_S66x8",-1,"2709_02WaterMeOH100_monB_S66x8",-3.947
"S66x8_15",1,"2713_02WaterMeOH150_dim_S66x8",-1,"2709_02WaterMeOH100_monA_S66x8",-1,"2709_02WaterMeOH100_monB_S66x8",-2.385
"S66x8_16",1,"2714_02WaterMeOH200_dim_S66x8",-1,"2709_02WaterMeOH100_monA_S66x8",-1,"2709_02WaterMeOH100_monB_S66x8",-0.952
"S66x8_18",1,"2716_03WaterMeNH2095_dim_S66x8",-1,"2717_03WaterMeNH2100_monA_S66x8",-1,"2717_03WaterMeNH2100_monB_S66x8",-6.897
"S66x8_19",1,"2717_03WaterMeNH2100_dim_S66x8",-1,"2717_03WaterMeNH2100_monA_S66x8",-1,"2717_03WaterMeNH2100_monB_S66x8",-6.894
"S66x8_20",1,"2718_03WaterMeNH2105_dim_S66x8",-1,"2717_03WaterMeNH2100_monA_S66x8",-1,"2717_03WaterMeNH2100_monB_S66x8",-6.66
"S66x8_21",1,"2719_03WaterMeNH2110_dim_S66x8",-1,"2717_03WaterMeNH2100_monA_S66x8",-1,"2717_03WaterMeNH2100_monB_S66x8",-6.291
"S66x8_22",1,"2720_03WaterMeNH2125_dim_S66x8",-1,"2717_03WaterMeNH2100_monA_S66x8",-1,"2717_03WaterMeNH2100_monB_S66x8",-4.916
"S66x8_23",1,"2721_03WaterMeNH2150_dim_S66x8",-1,"2717_03WaterMeNH2100_monA_S66x8",-1,"2717_03WaterMeNH2100_monB_S66x8",-2.973
"S66x8_24",1,"2722_03WaterMeNH2200_dim_S66x8",-1,"2717_03WaterMeNH2100_monA_S66x8",-1,"2717_03WaterMeNH2100_monB_S66x8",-1.14
"S66x8_26",1,"2724_04WaterPeptide095_dim_S66x8",-1,"2725_04WaterPeptide100_monA_S66x8",-1,"2725_04WaterPeptide100_monB_S66x8",-8.076
"S66x8_27",1,"2725_04WaterPeptide100_dim_S66x8",-1,"2725_04WaterPeptide100_monA_S66x8",-1,"2725_04WaterPeptide100_monB_S66x8",-8.089
"S66x8_28",1,"2726_04WaterPeptide105_dim_S66x8",-1,"2725_04WaterPeptide100_monA_S66x8",-1,"2725_04WaterPeptide100_monB_S66x8",-7.851
"S66x8_29",1,"2727_04WaterPeptide110_dim_S66x8",-1,"2725_04WaterPeptide100_monA_S66x8",-1,"2725_04WaterPeptide100_monB_S66x8",-7.465
"S66x8_30",1,"2728_04WaterPeptide125_dim_S66x8",-1,"2725_04WaterPeptide100_monA_S66x8",-1,"2725_04WaterPeptide100_monB_S66x8",-5.991
"S66x8_31",1,"2729_04WaterPeptide150_dim_S66x8",-1,"2725_04WaterPeptide100_monA_S66x8",-1,"2725_04WaterPeptide100_monB_S66x8",-3.828
"S66x8_32",1,"2730_04WaterPeptide200_dim_S66x8",-1,"2725_04WaterPeptide100_monA_S66x8",-1,"2725_04WaterPeptide100_monB_S66x8",-1.437
"S66x8_34",1,"2732_05MeOHMeOH095_dim_S66x8",-1,"2733_05MeOHMeOH100_monA_S66x8",-1,"2733_05MeOHMeOH100_monB_S66x8",-5.727
"S66x8_35",1,"2733_05MeOHMeOH100_dim_S66x8",-1,"2733_05MeOHMeOH100_monA_S66x8",-1,"2733_05MeOHMeOH100_monB_S66x8",-5.773
"S66x8_36",1,"2734_05MeOHMeOH105_dim_S66x8",-1,"2733_05MeOHMeOH100_monA_S66x8",-1,"2733_05MeOHMeOH100_monB_S66x8",-5.599
"S66x8_37",1,"2735_05MeOHMeOH110_dim_S66x8",-1,"2733_05MeOHMeOH100_monA_S66x8",-1,"2733_05MeOHMeOH100_monB_S66x8",-5.299
"S66x8_38",1,"2736_05MeOHMeOH125_dim_S66x8",-1,"2733_05MeOHMeOH100_monA_S66x8",-1,"2733_05MeOHMeOH100_monB_S66x8",-4.147
"S66x8_39",1,"2737_05MeOHMeOH150_dim_S66x8",-1,"2733_05MeOHMeOH100_monA_S66x8",-1,"2733_05MeOHMeOH100_monB_S66x8",-2.526
"S66x8_40",1,"2738_05MeOHMeOH200_dim_S66x8",-1,"2733_05MeOHMeOH100_monA_S66x8",-1,"2733_05MeOHMeOH100_monB_S66x8",-1.01
"S66x8_42",1,"2740_06MeOHMeNH2095_dim_S66x8",-1,"2741_06MeOHMeNH2100_monA_S66x8",-1,"2741_06MeOHMeNH2100_monB_S66x8",-7.497
"S66x8_43",1,"2741_06MeOHMeNH2100_dim_S66x8",-1,"2741_06MeOHMeNH2100_monA_S66x8",-1,"2741_06MeOHMeNH2100_monB_S66x8",-7.558
"S66x8_44",1,"2742_06MeOHMeNH2105_dim_S66x8",-1,"2741_06MeOHMeNH2100_monA_S66x8",-1,"2741_06MeOHMeNH2100_monB_S66x8",-7.346
"S66x8_45",1,"2743_06MeOHMeNH2110_dim_S66x8",-1,"2741_06MeOHMeNH2100_monA_S66x8",-1,"2741_06MeOHMeNH2100_monB_S66x8",-6.971
"S66x8_46",1,"2744_06MeOHMeNH2125_dim_S66x8",-1,"2741_06MeOHMeNH2100_monA_S66x8",-1,"2741_06MeOHMeNH2100_monB_S66x8",-5.497
"S66x8_47",1,"2745_06MeOHMeNH2150_dim_S66x8",-1,"2741_06MeOHMeNH2100_monA_S66x8",-1,"2741_06MeOHMeNH2100_monB_S66x8",-3.342
"S66x8_48",1,"2746_06MeOHMeNH2200_dim_S66x8",-1,"2741_06MeOHMeNH2100_monA_S66x8",-1,"2741_06MeOHMeNH2100_monB_S66x8",-1.273
"S66x8_50",1,"2748_07MeOHPeptide095_dim_S66x8",-1,"2749_07MeOHPeptide100_monA_S66x8",-1,"2749_07MeOHPeptide100_monB_S66x8",-8.186
"S66x8_51",1,"2749_07MeOHPeptide100_dim_S66x8",-1,"2749_07MeOHPeptide100_monA_S66x8",-1,"2749_07MeOHPeptide100_monB_S66x8",-8.255
"S66x8_52",1,"2750_07MeOHPeptide105_dim_S66x8",-1,"2749_07MeOHPeptide100_monA_S66x8",-1,"2749_07MeOHPeptide100_monB_S66x8",-8.051
"S66x8_53",1,"2751_07MeOHPeptide110_dim_S66x8",-1,"2749_07MeOHPeptide100_monA_S66x8",-1,"2749_07MeOHPeptide100_monB_S66x8",-7.68
"S66x8_54",1,"2752_07MeOHPeptide125_dim_S66x8",-1,"2749_07MeOHPeptide100_monA_S66x8",-1,"2749_07MeOHPeptide100_monB_S66x8",-6.19
"S66x8_55",1,"2753_07MeOHPeptide150_dim_S66x8",-1,"2749_07MeOHPeptide100_monA_S66x8",-1,"2749_07MeOHPeptide100_monB_S66x8",-3.649
"S66x8_56",1,"2754_07MeOHPeptide200_dim_S66x8",-1,"2749_07MeOHPeptide100_monA_S66x8",-1,"2749_07MeOHPeptide100_monB_S66x8",-1.099
"S66x8_58",1,"2756_08MeOHWater095_dim_S66x8",-1,"2757_08MeOHWater100_monA_S66x8",-1,"2757_08MeOHWater100_monB_S66x8",-4.985
"S66x8_59",1,"2757_08MeOHWater100_dim_S66x8",-1,"2757_08MeOHWater100_monA_S66x8",-1,"2757_08MeOHWater100_monB_S66x8",-5.023
"S66x8_60",1,"2758_08MeOHWater105_dim_S66x8",-1,"2757_08MeOHWater100_monA_S66x8",-1,"2757_08MeOHWater100_monB_S66x8",-4.867
"S66x8_61",1,"2759_08MeOHWater110_dim_S66x8",-1,"2757_08MeOHWater100_monA_S66x8",-1,"2757_08MeOHWater100_monB_S66x8",-4.601
"S66x8_62",1,"2760_08MeOHWater125_dim_S66x8",-1,"2757_08MeOHWater100_monA_S66x8",-1,"2757_08MeOHWater100_monB_S66x8",-3.595
"S66x8_63",1,"2761_08MeOHWater150_dim_S66x8",-1,"2757_08MeOHWater100_monA_S66x8",-1,"2757_08MeOHWater100_monB_S66x8",-2.201
"S66x8_64",1,"2762_08MeOHWater200_dim_S66x8",-1,"2757_08MeOHWater100_monA_S66x8",-1,"2757_08MeOHWater100_monB_S66x8",-0.908
"S66x8_66",1,"2764_09MeNH2MeOH095_dim_S66x8",-1,"2765_09MeNH2MeOH100_monA_S66x8",-1,"2765_09MeNH2MeOH100_monB_S66x8",-3.037
"S66x8_67",1,"2765_09MeNH2MeOH100_dim_S66x8",-1,"2765_09MeNH2MeOH100_monA_S66x8",-1,"2765_09MeNH2MeOH100_monB_S66x8",-3.029
"S66x8_68",1,"2766_09MeNH2MeOH105_dim_S66x8",-1,"2765_09MeNH2MeOH100_monA_S66x8",-1,"2765_09MeNH2MeOH100_monB_S66x8",-2.889
"S66x8_69",1,"2767_09MeNH2MeOH110_dim_S66x8",-1,"2765_09MeNH2MeOH100_monA_S66x8",-1,"2765_09MeNH2MeOH100_monB_S66x8",-2.68
"S66x8_70",1,"2768_09MeNH2MeOH125_dim_S66x8",-1,"2765_09MeNH2MeOH100_monA_S66x8",-1,"2765_09MeNH2MeOH100_monB_S66x8",-1.97
"S66x8_71",1,"2769_09MeNH2MeOH150_dim_S66x8",-1,"2765_09MeNH2MeOH100_monA_S66x8",-1,"2765_09MeNH2MeOH100_monB_S66x8",-1.097
"S66x8_72",1,"2770_09MeNH2MeOH200_dim_S66x8",-1,"2765_09MeNH2MeOH100_monA_S66x8",-1,"2765_09MeNH2MeOH100_monB_S66x8",-0.394
"S66x8_74",1,"2772_10MeNH2MeNH2095_dim_S66x8",-1,"2773_10MeNH2MeNH2100_monA_S66x8",-1,"2773_10MeNH2MeNH2100_monB_S66x8",-4.068
"S66x8_75",1,"2773_10MeNH2MeNH2100_dim_S66x8",-1,"2773_10MeNH2MeNH2100_monA_S66x8",-1,"2773_10MeNH2MeNH2100_monB_S66x8",-4.127
"S66x8_76",1,"2774_10MeNH2MeNH2105_dim_S66x8",-1,"2773_10MeNH2MeNH2100_monA_S66x8",-1,"2773_10MeNH2MeNH2100_monB_S66x8",-3.985
"S66x8_77",1,"2775_10MeNH2MeNH2110_dim_S66x8",-1,"2773_10MeNH2MeNH2100_monA_S66x8",-1,"2773_10MeNH2MeNH2100_monB_S66x8",-3.73
"S66x8_78",1,"2776_10MeNH2MeNH2125_dim_S66x8",-1,"2773_10MeNH2MeNH2100_monA_S66x8",-1,"2773_10MeNH2MeNH2100_monB_S66x8",-2.777
"S66x8_79",1,"2777_10MeNH2MeNH2150_dim_S66x8",-1,"2773_10MeNH2MeNH2100_monA_S66x8",-1,"2773_10MeNH2MeNH2100_monB_S66x8",-1.302
"S66x8_80",1,"2778_10MeNH2MeNH2200_dim_S66x8",-1,"2773_10MeNH2MeNH2100_monA_S66x8",-1,"2773_10MeNH2MeNH2100_monB_S66x8",-0.388
"S66x8_82",1,"2780_11MeNH2Peptide095_dim_S66x8",-1,"2781_11MeNH2Peptide100_monA_S66x8",-1,"2781_11MeNH2Peptide100_monB_S66x8",-5.334
"S66x8_83",1,"2781_11MeNH2Peptide100_dim_S66x8",-1,"2781_11MeNH2Peptide100_monA_S66x8",-1,"2781_11MeNH2Peptide100_monB_S66x8",-5.387
"S66x8_84",1,"2782_11MeNH2Peptide105_dim_S66x8",-1,"2781_11MeNH2Peptide100_monA_S66x8",-1,"2781_11MeNH2Peptide100_monB_S66x8",-5.221
"S66x8_85",1,"2783_11MeNH2Peptide110_dim_S66x8",-1,"2781_11MeNH2Peptide100_monA_S66x8",-1,"2781_11MeNH2Peptide100_monB_S66x8",-4.926
"S66x8_86",1,"2784_11MeNH2Peptide125_dim_S66x8",-1,"2781_11MeNH2Peptide100_monA_S66x8",-1,"2781_11MeNH2Peptide100_monB_S66x8",-3.204
"S66x8_87",1,"2785_11MeNH2Peptide150_dim_S66x8",-1,"2781_11MeNH2Peptide100_monA_S66x8",-1,"2781_11MeNH2Peptide100_monB_S66x8",-1.402
"S66x8_88",1,"2786_11MeNH2Peptide200_dim_S66x8",-1,"2781_11MeNH2Peptide100_monA_S66x8",-1,"2781_11MeNH2Peptide100_monB_S66x8",-0.457
"S66x8_90",1,"2788_12MeNH2Water095_dim_S66x8",-1,"2789_12MeNH2Water100_monA_S66x8",-1,"2789_12MeNH2Water100_monB_S66x8",-7.224
"S66x8_91",1,"2789_12MeNH2Water100_dim_S66x8",-1,"2789_12MeNH2Water100_monA_S66x8",-1,"2789_12MeNH2Water100_monB_S66x8",-7.259
"S66x8_92",1,"2790_12MeNH2Water105_dim_S66x8",-1,"2789_12MeNH2Water100_monA_S66x8",-1,"2789_12MeNH2Water100_monB_S66x8",-7.036
"S66x8_93",1,"2791_12MeNH2Water110_dim_S66x8",-1,"2789_12MeNH2Water100_monA_S66x8",-1,"2789_12MeNH2Water100_monB_S66x8",-6.659
"S66x8_94",1,"2792_12MeNH2Water125_dim_S66x8",-1,"2789_12MeNH2Water100_monA_S66x8",-1,"2789_12MeNH2Water100_monB_S66x8",-5.217
"S66x8_95",1,"2793_12MeNH2Water150_dim_S66x8",-1,"2789_12MeNH2Water100_monA_S66x8",-1,"2789_12MeNH2Water100_monB_S66x8",-3.149
"S66x8_96",1,"2794_12MeNH2Water200_dim_S66x8",-1,"2789_12MeNH2Water100_monA_S66x8",-1,"2789_12MeNH2Water100_monB_S66x8",-1.195
"S66x8_98",1,"2796_13PeptideMeOH095_dim_S66x8",-1,"2797_13PeptideMeOH100_monA_S66x8",-1,"2797_13PeptideMeOH100_monB_S66x8",-6.149
"S66x8_99",1,"2797_13PeptideMeOH100_dim_S66x8",-1,"2797_13PeptideMeOH100_monA_S66x8",-1,"2797_13PeptideMeOH100_monB_S66x8",-6.213
"S66x8_100",1,"2798_13PeptideMeOH105_dim_S66x8",-1,"2797_13PeptideMeOH100_monA_S66x8",-1,"2797_13PeptideMeOH100_monB_S66x8",-6.053
"S66x8_101",1,"2799_13PeptideMeOH110_dim_S66x8",-1,"2797_13PeptideMeOH100_monA_S66x8",-1,"2797_13PeptideMeOH100_monB_S66x8",-5.762
"S66x8_102",1,"2800_13PeptideMeOH125_dim_S66x8",-1,"2797_13PeptideMeOH100_monA_S66x8",-1,"2797_13PeptideMeOH100_monB_S66x8",-4.615
"S66x8_103",1,"2801_13PeptideMeOH150_dim_S66x8",-1,"2797_13PeptideMeOH100_monA_S66x8",-1,"2797_13PeptideMeOH100_monB_S66x8",-2.952
"S66x8_104",1,"2802_13PeptideMeOH200_dim_S66x8",-1,"2797_13PeptideMeOH100_monA_S66x8",-1,"2797_13PeptideMeOH100_monB_S66x8",-1.308
"S66x8_106",1,"2804_14PeptideMeNH2095_dim_S66x8",-1,"2805_14PeptideMeNH2100_monA_S66x8",-1,"2805_14PeptideMeNH2100_monB_S66x8",-7.379
"S66x8_107",1,"2805_14PeptideMeNH2100_dim_S66x8",-1,"2805_14PeptideMeNH2100_monA_S66x8",-1,"2805_14PeptideMeNH2100_monB_S66x8",-7.478
"S66x8_108",1,"2806_14PeptideMeNH2105_dim_S66x8",-1,"2805_14PeptideMeNH2100_monA_S66x8",-1,"2805_14PeptideMeNH2100_monB_S66x8",-7.31
"S66x8_109",1,"2807_14PeptideMeNH2110_dim_S66x8",-1,"2805_14PeptideMeNH2100_monA_S66x8",-1,"2805_14PeptideMeNH2100_monB_S66x8",-6.978
"S66x8_110",1,"2808_14PeptideMeNH2125_dim_S66x8",-1,"2805_14PeptideMeNH2100_monA_S66x8",-1,"2805_14PeptideMeNH2100_monB_S66x8",-5.611
"S66x8_111",1,"2809_14PeptideMeNH2150_dim_S66x8",-1,"2805_14PeptideMeNH2100_monA_S66x8",-1,"2805_14PeptideMeNH2100_monB_S66x8",-3.552
"S66x8_112",1,"2810_14PeptideMeNH2200_dim_S66x8",-1,"2805_14PeptideMeNH2100_monA_S66x8",-1,"2805_14PeptideMeNH2100_monB_S66x8",-1.492
"S66x8_114",1,"2812_15PeptidePeptide095_dim_S66x8",-1,"2813_15PeptidePeptide100_monA_S66x8",-1,"2813_15PeptidePeptide100_monB_S66x8",-8.59
"S66x8_115",1,"2813_15PeptidePeptide100_dim_S66x8",-1,"2813_15PeptidePeptide100_monA_S66x8",-1,"2813_15PeptidePeptide100_monB_S66x8",-8.673
"S66x8_116",1,"2814_15PeptidePeptide105_dim_S66x8",-1,"2813_15PeptidePeptide100_monA_S66x8",-1,"2813_15PeptidePeptide100_monB_S66x8",-8.485
"S66x8_117",1,"2815_15PeptidePeptide110_dim_S66x8",-1,"2813_15PeptidePeptide100_monA_S66x8",-1,"2813_15PeptidePeptide100_monB_S66x8",-8.131
"S66x8_118",1,"2816_15PeptidePeptide125_dim_S66x8",-1,"2813_15PeptidePeptide100_monA_S66x8",-1,"2813_15PeptidePeptide100_monB_S66x8",-6.677
"S66x8_119",1,"2817_15PeptidePeptide150_dim_S66x8",-1,"2813_15PeptidePeptide100_monA_S66x8",-1,"2813_15PeptidePeptide100_monB_S66x8",-4.426
"S66x8_120",1,"2818_15PeptidePeptide200_dim_S66x8",-1,"2813_15PeptidePeptide100_monA_S66x8",-1,"2813_15PeptidePeptide100_monB_S66x8",-1.782
"S66x8_122",1,"2820_16PeptideWater095_dim_S66x8",-1,"2821_16PeptideWater100_monA_S66x8",-1,"2821_16PeptideWater100_monB_S66x8",-5.097
"S66x8_123",1,"2821_16PeptideWater100_dim_S66x8",-1,"2821_16PeptideWater100_monA_S66x8",-1,"2821_16PeptideWater100_monB_S66x8",-5.146
"S66x8_124",1,"2822_16PeptideWater105_dim_S66x8",-1,"2821_16PeptideWater100_monA_S66x8",-1,"2821_16PeptideWater100_monB_S66x8",-5.006
"S66x8_125",1,"2823_16PeptideWater110_dim_S66x8",-1,"2821_16PeptideWater100_monA_S66x8",-1,"2821_16PeptideWater100_monB_S66x8",-4.758
"S66x8_126",1,"2824_16PeptideWater125_dim_S66x8",-1,"2821_16PeptideWater100_monA_S66x8",-1,"2821_16PeptideWater100_monB_S66x8",-3.805
"S66x8_127",1,"2825_16PeptideWater150_dim_S66x8",-1,"2821_16PeptideWater100_monA_S66x8",-1,"2821_16PeptideWater100_monB_S66x8",-2.458
"S66x8_128",1,"2826_16PeptideWater200_dim_S66x8",-1,"2821_16PeptideWater100_monA_S66x8",-1,"2821_16PeptideWater100_monB_S66x8",-1.136
"S66x8_130",1,"2828_17UracilUracilBP095_dim_S66x8",-1,"2829_17UracilUracilBP100_monA_S66x8",-1,"2829_17UracilUracilBP100_monB_S66x8",-17.19
"S66x8_131",1,"2829_17UracilUracilBP100_dim_S66x8",-1,"2829_17UracilUracilBP100_monA_S66x8",-1,"2829_17UracilUracilBP100_monB_S66x8",-17.432
"S66x8_132",1,"2830_17UracilUracilBP105_dim_S66x8",-1,"2829_17UracilUracilBP100_monA_S66x8",-1,"2829_17UracilUracilBP100_monB_S66x8",-17.078
"S66x8_133",1,"2831_17UracilUracilBP110_dim_S66x8",-1,"2829_17UracilUracilBP100_monA_S66x8",-1,"2829_17UracilUracilBP100_monB_S66x8",-16.352
"S66x8_134",1,"2832_17UracilUracilBP125_dim_S66x8",-1,"2829_17UracilUracilBP100_monA_S66x8",-1,"2829_17UracilUracilBP100_monB_S66x8",-13.263
"S66x8_135",1,"2833_17UracilUracilBP150_dim_S66x8",-1,"2829_17UracilUracilBP100_monA_S66x8",-1,"2829_17UracilUracilBP100_monB_S66x8",-8.41
"S66x8_136",1,"2834_17UracilUracilBP200_dim_S66x8",-1,"2829_17UracilUracilBP100_monA_S66x8",-1,"2829_17UracilUracilBP100_monB_S66x8",-3.357
"S66x8_138",1,"2836_18WaterPyridine095_dim_S66x8",-1,"2837_18WaterPyridine100_monA_S66x8",-1,"2837_18WaterPyridine100_monB_S66x8",-6.853
"S66x8_139",1,"2837_18WaterPyridine100_dim_S66x8",-1,"2837_18WaterPyridine100_monA_S66x8",-1,"2837_18WaterPyridine100_monB_S66x8",-6.872
"S66x8_140",1,"2838_18WaterPyridine105_dim_S66x8",-1,"2837_18WaterPyridine100_monA_S66x8",-1,"2837_18WaterPyridine100_monB_S66x8",-6.653
"S66x8_141",1,"2839_18WaterPyridine110_dim_S66x8",-1,"2837_18WaterPyridine100_monA_S66x8",-1,"2837_18WaterPyridine100_monB_S66x8",-6.294
"S66x8_142",1,"2840_18WaterPyridine125_dim_S66x8",-1,"2837_18WaterPyridine100_monA_S66x8",-1,"2837_18WaterPyridine100_monB_S66x8",-4.939
"S66x8_143",1,"2841_18WaterPyridine150_dim_S66x8",-1,"2837_18WaterPyridine100_monA_S66x8",-1,"2837_18WaterPyridine100_monB_S66x8",-3.013
"S66x8_144",1,"2842_18WaterPyridine200_dim_S66x8",-1,"2837_18WaterPyridine100_monA_S66x8",-1,"2837_18WaterPyridine100_monB_S66x8",-1.189
"S66x8_146",1,"2844_19MeOHPyridine095_dim_S66x8",-1,"2845_19MeOHPyridine100_monA_S66x8",-1,"2845_19MeOHPyridine100_monB_S66x8",-7.366
"S66x8_147",1,"2845_19MeOHPyridine100_dim_S66x8",-1,"2845_19MeOHPyridine100_monA_S66x8",-1,"2845_19MeOHPyridine100_monB_S66x8",-7.451
"S66x8_148",1,"2846_19MeOHPyridine105_dim_S66x8",-1,"2845_19MeOHPyridine100_monA_S66x8",-1,"2845_19MeOHPyridine100_monB_S66x8",-7.263
"S66x8_149",1,"2847_19MeOHPyridine110_dim_S66x8",-1,"2845_19MeOHPyridine100_monA_S66x8",-1,"2845_19MeOHPyridine100_monB_S66x8",-6.911
"S66x8_150",1,"2848_19MeOHPyridine125_dim_S66x8",-1,"2845_19MeOHPyridine100_monA_S66x8",-1,"2845_19MeOHPyridine100_monB_S66x8",-5.49
"S66x8_151",1,"2849_19MeOHPyridine150_dim_S66x8",-1,"2845_19MeOHPyridine100_monA_S66x8",-1,"2845_19MeOHPyridine100_monB_S66x8",-3.385
"S66x8_152",1,"2850_19MeOHPyridine200_dim_S66x8",-1,"2845_19MeOHPyridine100_monA_S66x8",-1,"2845_19MeOHPyridine100_monB_S66x8",-1.336
"S66x8_154",1,"2852_20AcOHAcOH095_dim_S66x8",-1,"2853_20AcOHAcOH100_monA_S66x8",-1,"2853_20AcOHAcOH100_monB_S66x8",-19.07
"S66x8_155",1,"2853_20AcOHAcOH100_dim_S66x8",-1,"2853_20AcOHAcOH100_monA_S66x8",-1,"2853_20AcOHAcOH100_monB_S66x8",-19.328
"S66x8_156",1,"2854_20AcOHAcOH105_dim_S66x8",-1,"2853_20AcOHAcOH100_monA_S66x8",-1,"2853_20AcOHAcOH100_monB_S66x8",-18.923
"S66x8_157",1,"2855_20AcOHAcOH110_dim_S66x8",-1,"2853_20AcOHAcOH100_monA_S66x8",-1,"2853_20AcOHAcOH100_monB_S66x8",-18.106
"S66x8_158",1,"2856_20AcOHAcOH125_dim_S66x8",-1,"2853_20AcOHAcOH100_monA_S66x8",-1,"2853_20AcOHAcOH100_monB_S66x8",-14.657
"S66x8_159",1,"2857_20AcOHAcOH150_dim_S66x8",-1,"2853_20AcOHAcOH100_monA_S66x8",-1,"2853_20AcOHAcOH100_monB_S66x8",-9.246
"S66x8_160",1,"2858_20AcOHAcOH200_dim_S66x8",-1,"2853_20AcOHAcOH100_monA_S66x8",-1,"2853_20AcOHAcOH100_monB_S66x8",-3.595
"S66x8_162",1,"2860_21AcNH2AcNH2095_dim_S66x8",-1,"2861_21AcNH2AcNH2100_monA_S66x8",-1,"2861_21AcNH2AcNH2100_monB_S66x8",-16.242
"S66x8_163",1,"2861_21AcNH2AcNH2100_dim_S66x8",-1,"2861_21AcNH2AcNH2100_monA_S66x8",-1,"2861_21AcNH2AcNH2100_monB_S66x8",-16.441
"S66x8_164",1,"2862_21AcNH2AcNH2105_dim_S66x8",-1,"2861_21AcNH2AcNH2100_monA_S66x8",-1,"2861_21AcNH2AcNH2100_monB_S66x8",-16.085
"S66x8_165",1,"2863_21AcNH2AcNH2110_dim_S66x8",-1,"2861_21AcNH2AcNH2100_monA_S66x8",-1,"2861_21AcNH2AcNH2100_monB_S66x8",-15.386
"S66x8_166",1,"2864_21AcNH2AcNH2125_dim_S66x8",-1,"2861_21AcNH2AcNH2100_monA_S66x8",-1,"2861_21AcNH2AcNH2100_monB_S66x8",-12.485
"S66x8_167",1,"2865_21AcNH2AcNH2150_dim_S66x8",-1,"2861_21AcNH2AcNH2100_monA_S66x8",-1,"2861_21AcNH2AcNH2100_monB_S66x8",-8.022
"S66x8_168",1,"2866_21AcNH2AcNH2200_dim_S66x8",-1,"2861_21AcNH2AcNH2100_monA_S66x8",-1,"2861_21AcNH2AcNH2100_monB_S66x8",-3.009
"S66x8_170",1,"2868_22AcOHUracil095_dim_S66x8",-1,"2869_22AcOHUracil100_monA_S66x8",-1,"2869_22AcOHUracil100_monB_S66x8",-19.47
"S66x8_171",1,"2869_22AcOHUracil100_dim_S66x8",-1,"2869_22AcOHUracil100_monA_S66x8",-1,"2869_22AcOHUracil100_monB_S66x8",-19.732
"S66x8_172",1,"2870_22AcOHUracil105_dim_S66x8",-1,"2869_22AcOHUracil100_monA_S66x8",-1,"2869_22AcOHUracil100_monB_S66x8",-19.358
"S66x8_173",1,"2871_22AcOHUracil110_dim_S66x8",-1,"2869_22AcOHUracil100_monA_S66x8",-1,"2869_22AcOHUracil100_monB_S66x8",-18.581
"S66x8_174",1,"2872_22AcOHUracil125_dim_S66x8",-1,"2869_22AcOHUracil100_monA_S66x8",-1,"2869_22AcOHUracil100_monB_S66x8",-15.243
"S66x8_175",1,"2873_22AcOHUracil150_dim_S66x8",-1,"2869_22AcOHUracil100_monA_S66x8",-1,"2869_22AcOHUracil100_monB_S66x8",-9.907
"S66x8_176",1,"2874_22AcOHUracil200_dim_S66x8",-1,"2869_22AcOHUracil100_monA_S66x8",-1,"2869_22AcOHUracil100_monB_S66x8",-4.161
"S66x8_178",1,"2876_23AcNH2Uracil095_dim_S66x8",-1,"2877_23AcNH2Uracil100_monA_S66x8",-1,"2877_23AcNH2Uracil100_monB_S66x8",-19.157
"S66x8_179",1,"2877_23AcNH2Uracil100_dim_S66x8",-1,"2877_23AcNH2Uracil100_monA_S66x8",-1,"2877_23AcNH2Uracil100_monB_S66x8",-19.419
"S66x8_180",1,"2878_23AcNH2Uracil105_dim_S66x8",-1,"2877_23AcNH2Uracil100_monA_S66x8",-1,"2877_23AcNH2Uracil100_monB_S66x8",-19.094
"S66x8_181",1,"2879_23AcNH2Uracil110_dim_S66x8",-1,"2877_23AcNH2Uracil100_monA_S66x8",-1,"2877_23AcNH2Uracil100_monB_S66x8",-18.391
"S66x8_182",1,"2880_23AcNH2Uracil125_dim_S66x8",-1,"2877_23AcNH2Uracil100_monA_S66x8",-1,"2877_23AcNH2Uracil100_monB_S66x8",-15.309
"S66x8_183",1,"2881_23AcNH2Uracil150_dim_S66x8",-1,"2877_23AcNH2Uracil100_monA_S66x8",-1,"2877_23AcNH2Uracil100_monB_S66x8",-10.276
"S66x8_184",1,"2882_23AcNH2Uracil200_dim_S66x8",-1,"2877_23AcNH2Uracil100_monA_S66x8",-1,"2877_23AcNH2Uracil100_monB_S66x8",-4.672
"S66x8_186",1,"2884_24BenzeneBenzenepipi095_dim_S66x8",-1,"2885_24BenzeneBenzenepipi100_monA_S66x8",-1,"2885_24BenzeneBenzenepipi100_monB_S66x8",-1.905
"S66x8_187",1,"2885_24BenzeneBenzenepipi100_dim_S66x8",-1,"2885_24BenzeneBenzenepipi100_monA_S66x8",-1,"2885_24BenzeneBenzenepipi100_monB_S66x8",-2.634
"S66x8_188",1,"2886_24BenzeneBenzenepipi105_dim_S66x8",-1,"2885_24BenzeneBenzenepipi100_monA_S66x8",-1,"2885_24BenzeneBenzenepipi100_monB_S66x8",-2.739
"S66x8_189",1,"2887_24BenzeneBenzenepipi110_dim_S66x8",-1,"2885_24BenzeneBenzenepipi100_monA_S66x8",-1,"2885_24BenzeneBenzenepipi100_monB_S66x8",-2.546
"S66x8_190",1,"2888_24BenzeneBenzenepipi125_dim_S66x8",-1,"2885_24BenzeneBenzenepipi100_monA_S66x8",-1,"2885_24BenzeneBenzenepipi100_monB_S66x8",-1.543
"S66x8_191",1,"2889_24BenzeneBenzenepipi150_dim_S66x8",-1,"2885_24BenzeneBenzenepipi100_monA_S66x8",-1,"2885_24BenzeneBenzenepipi100_monB_S66x8",-0.499
"S66x8_192",1,"2890_24BenzeneBenzenepipi200_dim_S66x8",-1,"2885_24BenzeneBenzenepipi100_monA_S66x8",-1,"2885_24BenzeneBenzenepipi100_monB_S66x8",-0.067
"S66x8_194",1,"2892_25PyridinePyridinepipi095_dim_S66x8",-1,"2893_25PyridinePyridinepipi100_monA_S66x8",-1,"2893_25PyridinePyridinepipi100_monB_S66x8",-2.997
"S66x8_195",1,"2893_25PyridinePyridinepipi100_dim_S66x8",-1,"2893_25PyridinePyridinepipi100_monA_S66x8",-1,"2893_25PyridinePyridinepipi100_monB_S66x8",-3.716
"S66x8_196",1,"2894_25PyridinePyridinepipi105_dim_S66x8",-1,"2893_25PyridinePyridinepipi100_monA_S66x8",-1,"2893_25PyridinePyridinepipi100_monB_S66x8",-3.788
"S66x8_197",1,"2895_25PyridinePyridinepipi110_dim_S66x8",-1,"2893_25PyridinePyridinepipi100_monA_S66x8",-1,"2893_25PyridinePyridinepipi100_monB_S66x8",-3.543
"S66x8_198",1,"2896_25PyridinePyridinepipi125_dim_S66x8",-1,"2893_25PyridinePyridinepipi100_monA_S66x8",-1,"2893_25PyridinePyridinepipi100_monB_S66x8",-2.36
"S66x8_199",1,"2897_25PyridinePyridinepipi150_dim_S66x8",-1,"2893_25PyridinePyridinepipi100_monA_S66x8",-1,"2893_25PyridinePyridinepipi100_monB_S66x8",-0.974
"S66x8_200",1,"2898_25PyridinePyridinepipi200_dim_S66x8",-1,"2893_25PyridinePyridinepipi100_monA_S66x8",-1,"2893_25PyridinePyridinepipi100_monB_S66x8",-0.241
"S66x8_202",1,"2900_26UracilUracilpipi095_dim_S66x8",-1,"2901_26UracilUracilpipi100_monA_S66x8",-1,"2901_26UracilUracilpipi100_monB_S66x8",-9.396
"S66x8_203",1,"2901_26UracilUracilpipi100_dim_S66x8",-1,"2901_26UracilUracilpipi100_monA_S66x8",-1,"2901_26UracilUracilpipi100_monB_S66x8",-9.765
"S66x8_204",1,"2902_26UracilUracilpipi105_dim_S66x8",-1,"2901_26UracilUracilpipi100_monA_S66x8",-1,"2901_26UracilUracilpipi100_monB_S66x8",-9.406
"S66x8_205",1,"2903_26UracilUracilpipi110_dim_S66x8",-1,"2901_26UracilUracilpipi100_monA_S66x8",-1,"2901_26UracilUracilpipi100_monB_S66x8",-8.688
"S66x8_206",1,"2904_26UracilUracilpipi125_dim_S66x8",-1,"2901_26UracilUracilpipi100_monA_S66x8",-1,"2901_26UracilUracilpipi100_monB_S66x8",-6.11
"S66x8_207",1,"2905_26UracilUracilpipi150_dim_S66x8",-1,"2901_26UracilUracilpipi100_monA_S66x8",-1,"2901_26UracilUracilpipi100_monB_S66x8",-3.138
"S66x8_208",1,"2906_26UracilUracilpipi200_dim_S66x8",-1,"2901_26UracilUracilpipi100_monA_S66x8",-1,"2901_26UracilUracilpipi100_monB_S66x8",-1.013
"S66x8_210",1,"2908_27BenzenePyridinepipi095_dim_S66x8",-1,"2909_27BenzenePyridinepipi100_monA_S66x8",-1,"2909_27BenzenePyridinepipi100_monB_S66x8",-2.523
"S66x8_211",1,"2909_27BenzenePyridinepipi100_dim_S66x8",-1,"2909_27BenzenePyridinepipi100_monA_S66x8",-1,"2909_27BenzenePyridinepipi100_monB_S66x8",-3.265
"S66x8_212",1,"2910_27BenzenePyridinepipi105_dim_S66x8",-1,"2909_27BenzenePyridinepipi100_monA_S66x8",-1,"2909_27BenzenePyridinepipi100_monB_S66x8",-3.338
"S66x8_213",1,"2911_27BenzenePyridinepipi110_dim_S66x8",-1,"2909_27BenzenePyridinepipi100_monA_S66x8",-1,"2909_27BenzenePyridinepipi100_monB_S66x8",-3.096
"S66x8_214",1,"2912_27BenzenePyridinepipi125_dim_S66x8",-1,"2909_27BenzenePyridinepipi100_monA_S66x8",-1,"2909_27BenzenePyridinepipi100_monB_S66x8",-1.976
"S66x8_215",1,"2913_27BenzenePyridinepipi150_dim_S66x8",-1,"2909_27BenzenePyridinepipi100_monA_S66x8",-1,"2909_27BenzenePyridinepipi100_monB_S66x8",-0.735
"S66x8_216",1,"2914_27BenzenePyridinepipi200_dim_S66x8",-1,"2909_27BenzenePyridinepipi100_monA_S66x8",-1,"2909_27BenzenePyridinepipi100_monB_S66x8",-0.151
"S66x8_218",1,"2916_28BenzeneUracilpipi095_dim_S66x8",-1,"2917_28BenzeneUracilpipi100_monA_S66x8",-1,"2917_28BenzeneUracilpipi100_monB_S66x8",-5.041
"S66x8_219",1,"2917_28BenzeneUracilpipi100_dim_S66x8",-1,"2917_28BenzeneUracilpipi100_monA_S66x8",-1,"2917_28BenzeneUracilpipi100_monB_S66x8",-5.588
"S66x8_220",1,"2918_28BenzeneUracilpipi105_dim_S66x8",-1,"2917_28BenzeneUracilpipi100_monA_S66x8",-1,"2917_28BenzeneUracilpipi100_monB_S66x8",-5.475
"S66x8_221",1,"2919_28BenzeneUracilpipi110_dim_S66x8",-1,"2917_28BenzeneUracilpipi100_monA_S66x8",-1,"2917_28BenzeneUracilpipi100_monB_S66x8",-5.034
"S66x8_222",1,"2920_28BenzeneUracilpipi125_dim_S66x8",-1,"2917_28BenzeneUracilpipi100_monA_S66x8",-1,"2917_28BenzeneUracilpipi100_monB_S66x8",-3.296
"S66x8_223",1,"2921_28BenzeneUracilpipi150_dim_S66x8",-1,"2917_28BenzeneUracilpipi100_monA_S66x8",-1,"2917_28BenzeneUracilpipi100_monB_S66x8",-1.38
"S66x8_224",1,"2922_28BenzeneUracilpipi200_dim_S66x8",-1,"2917_28BenzeneUracilpipi100_monA_S66x8",-1,"2917_28BenzeneUracilpipi100_monB_S66x8",-0.26
"S66x8_226",1,"2924_29PyridineUracilpipi095_dim_S66x8",-1,"2925_29PyridineUracilpipi100_monA_S66x8",-1,"2925_29PyridineUracilpipi100_monB_S66x8",-5.99
"S66x8_227",1,"2925_29PyridineUracilpipi100_dim_S66x8",-1,"2925_29PyridineUracilpipi100_monA_S66x8",-1,"2925_29PyridineUracilpipi100_monB_S66x8",-6.698
"S66x8_228",1,"2926_29PyridineUracilpipi105_dim_S66x8",-1,"2925_29PyridineUracilpipi100_monA_S66x8",-1,"2925_29PyridineUracilpipi100_monB_S66x8",-6.513
"S66x8_229",1,"2927_29PyridineUracilpipi110_dim_S66x8",-1,"2925_29PyridineUracilpipi100_monA_S66x8",-1,"2925_29PyridineUracilpipi100_monB_S66x8",-5.936
"S66x8_230",1,"2928_29PyridineUracilpipi125_dim_S66x8",-1,"2925_29PyridineUracilpipi100_monA_S66x8",-1,"2925_29PyridineUracilpipi100_monB_S66x8",-3.876
"S66x8_231",1,"2929_29PyridineUracilpipi150_dim_S66x8",-1,"2925_29PyridineUracilpipi100_monA_S66x8",-1,"2925_29PyridineUracilpipi100_monB_S66x8",-1.796
"S66x8_232",1,"2930_29PyridineUracilpipi200_dim_S66x8",-1,"2925_29PyridineUracilpipi100_monA_S66x8",-1,"2925_29PyridineUracilpipi100_monB_S66x8",-0.543
"S66x8_234",1,"2932_30BenzeneEthene095_dim_S66x8",-1,"2933_30BenzeneEthene100_monA_S66x8",-1,"2933_30BenzeneEthene100_monB_S66x8",-0.977
"S66x8_235",1,"2933_30BenzeneEthene100_dim_S66x8",-1,"2933_30BenzeneEthene100_monA_S66x8",-1,"2933_30BenzeneEthene100_monB_S66x8",-1.31
"S66x8_236",1,"2934_30BenzeneEthene105_dim_S66x8",-1,"2933_30BenzeneEthene100_monA_S66x8",-1,"2933_30BenzeneEthene100_monB_S66x8",-1.333
"S66x8_237",1,"2935_30BenzeneEthene110_dim_S66x8",-1,"2933_30BenzeneEthene100_monA_S66x8",-1,"2933_30BenzeneEthene100_monB_S66x8",-1.21
"S66x8_238",1,"2936_30BenzeneEthene125_dim_S66x8",-1,"2933_30BenzeneEthene100_monA_S66x8",-1,"2933_30BenzeneEthene100_monB_S66x8",-0.678
"S66x8_239",1,"2937_30BenzeneEthene150_dim_S66x8",-1,"2933_30BenzeneEthene100_monA_S66x8",-1,"2933_30BenzeneEthene100_monB_S66x8",-0.176
"S66x8_240",1,"2938_30BenzeneEthene200_dim_S66x8",-1,"2933_30BenzeneEthene100_monA_S66x8",-1,"2933_30BenzeneEthene100_monB_S66x8",0.008
"S66x8_242",1,"2940_31UracilEthene095_dim_S66x8",-1,"2941_31UracilEthene100_monA_S66x8",-1,"2941_31UracilEthene100_monB_S66x8",-3.13
"S66x8_243",1,"2941_31UracilEthene100_dim_S66x8",-1,"2941_31UracilEthene100_monA_S66x8",-1,"2941_31UracilEthene100_monB_S66x8",-3.3
"S66x8_244",1,"2942_31UracilEthene105_dim_S66x8",-1,"2941_31UracilEthene100_monA_S66x8",-1,"2941_31UracilEthene100_monB_S66x8",-3.181
"S66x8_245",1,"2943_31UracilEthene110_dim_S66x8",-1,"2941_31UracilEthene100_monA_S66x8",-1,"2941_31UracilEthene100_monB_S66x8",-2.921
"S66x8_246",1,"2944_31UracilEthene125_dim_S66x8",-1,"2941_31UracilEthene100_monA_S66x8",-1,"2941_31UracilEthene100_monB_S66x8",-1.981
"S66x8_247",1,"2945_31UracilEthene150_dim_S66x8",-1,"2941_31UracilEthene100_monA_S66x8",-1,"2941_31UracilEthene100_monB_S66x8",-0.937
"S66x8_248",1,"2946_31UracilEthene200_dim_S66x8",-1,"2941_31UracilEthene100_monA_S66x8",-1,"2941_31UracilEthene100_monB_S66x8",-0.257
"S66x8_250",1,"2948_32UracilEthyne095_dim_S66x8",-1,"2949_32UracilEthyne100_monA_S66x8",-1,"2949_32UracilEthyne100_monB_S66x8",-3.442
"S66x8_251",1,"2949_32UracilEthyne100_dim_S66x8",-1,"2949_32UracilEthyne100_monA_S66x8",-1,"2949_32UracilEthyne100_monB_S66x8",-3.649
"S66x8_252",1,"2950_32UracilEthyne105_dim_S66x8",-1,"2949_32UracilEthyne100_monA_S66x8",-1,"2949_32UracilEthyne100_monB_S66x8",-3.528
"S66x8_253",1,"2951_32UracilEthyne110_dim_S66x8",-1,"2949_32UracilEthyne100_monA_S66x8",-1,"2949_32UracilEthyne100_monB_S66x8",-3.247
"S66x8_254",1,"2952_32UracilEthyne125_dim_S66x8",-1,"2949_32UracilEthyne100_monA_S66x8",-1,"2949_32UracilEthyne100_monB_S66x8",-2.213
"S66x8_255",1,"2953_32UracilEthyne150_dim_S66x8",-1,"2949_32UracilEthyne100_monA_S66x8",-1,"2949_32UracilEthyne100_monB_S66x8",-1.045
"S66x8_256",1,"2954_32UracilEthyne200_dim_S66x8",-1,"2949_32UracilEthyne100_monA_S66x8",-1,"2949_32UracilEthyne100_monB_S66x8",-0.275
"S66x8_258",1,"2956_33PyridineEthene095_dim_S66x8",-1,"2957_33PyridineEthene100_monA_S66x8",-1,"2957_33PyridineEthene100_monB_S66x8",-1.487
"S66x8_259",1,"2957_33PyridineEthene100_dim_S66x8",-1,"2957_33PyridineEthene100_monA_S66x8",-1,"2957_33PyridineEthene100_monB_S66x8",-1.764
"S66x8_260",1,"2958_33PyridineEthene105_dim_S66x8",-1,"2957_33PyridineEthene100_monA_S66x8",-1,"2957_33PyridineEthene100_monB_S66x8",-1.762
"S66x8_261",1,"2959_33PyridineEthene110_dim_S66x8",-1,"2957_33PyridineEthene100_monA_S66x8",-1,"2957_33PyridineEthene100_monB_S66x8",-1.621
"S66x8_262",1,"2960_33PyridineEthene125_dim_S66x8",-1,"2957_33PyridineEthene100_monA_S66x8",-1,"2957_33PyridineEthene100_monB_S66x8",-1.013
"S66x8_263",1,"2961_33PyridineEthene150_dim_S66x8",-1,"2957_33PyridineEthene100_monA_S66x8",-1,"2957_33PyridineEthene100_monB_S66x8",-0.367
"S66x8_264",1,"2962_33PyridineEthene200_dim_S66x8",-1,"2957_33PyridineEthene100_monA_S66x8",-1,"2957_33PyridineEthene100_monB_S66x8",-0.047
"S66x8_266",1,"2964_34PentanePentane095_dim_S66x8",-1,"2965_34PentanePentane100_monA_S66x8",-1,"2965_34PentanePentane100_monB_S66x8",-3.569
"S66x8_267",1,"2965_34PentanePentane100_dim_S66x8",-1,"2965_34PentanePentane100_monA_S66x8",-1,"2965_34PentanePentane100_monB_S66x8",-3.734
"S66x8_268",1,"2966_34PentanePentane105_dim_S66x8",-1,"2965_34PentanePentane100_monA_S66x8",-1,"2965_34PentanePentane100_monB_S66x8",-3.581
"S66x8_269",1,"2967_34PentanePentane110_dim_S66x8",-1,"2965_34PentanePentane100_monA_S66x8",-1,"2965_34PentanePentane100_monB_S66x8",-3.278
"S66x8_270",1,"2968_34PentanePentane125_dim_S66x8",-1,"2965_34PentanePentane100_monA_S66x8",-1,"2965_34PentanePentane100_monB_S66x8",-2.223
"S66x8_271",1,"2969_34PentanePentane150_dim_S66x8",-1,"2965_34PentanePentane100_monA_S66x8",-1,"2965_34PentanePentane100_monB_S66x8",-1.05
"S66x8_272",1,"2970_34PentanePentane200_dim_S66x8",-1,"2965_34PentanePentane100_monA_S66x8",-1,"2965_34PentanePentane100_monB_S66x8",-0.273
"S66x8_274",1,"2972_35NeopentanePentane095_dim_S66x8",-1,"2973_35NeopentanePentane100_monA_S66x8",-1,"2973_35NeopentanePentane100_monB_S66x8",-2.466
"S66x8_275",1,"2973_35NeopentanePentane100_dim_S66x8",-1,"2973_35NeopentanePentane100_monA_S66x8",-1,"2973_35NeopentanePentane100_monB_S66x8",-2.59
"S66x8_276",1,"2974_35NeopentanePentane105_dim_S66x8",-1,"2973_35NeopentanePentane100_monA_S66x8",-1,"2973_35NeopentanePentane100_monB_S66x8",-2.467
"S66x8_277",1,"2975_35NeopentanePentane110_dim_S66x8",-1,"2973_35NeopentanePentane100_monA_S66x8",-1,"2973_35NeopentanePentane100_monB_S66x8",-2.24
"S66x8_278",1,"2976_35NeopentanePentane125_dim_S66x8",-1,"2973_35NeopentanePentane100_monA_S66x8",-1,"2973_35NeopentanePentane100_monB_S66x8",-1.491
"S66x8_279",1,"2977_35NeopentanePentane150_dim_S66x8",-1,"2973_35NeopentanePentane100_monA_S66x8",-1,"2973_35NeopentanePentane100_monB_S66x8",-0.699
"S66x8_280",1,"2978_35NeopentanePentane200_dim_S66x8",-1,"2973_35NeopentanePentane100_monA_S66x8",-1,"2973_35NeopentanePentane100_monB_S66x8",-0.187
"S66x8_282",1,"2980_36NeopentaneNeopentane095_dim_S66x8",-1,"2981_36NeopentaneNeopentane100_monA_S66x8",-1,"2981_36NeopentaneNeopentane100_monB_S66x8",-1.713
"S66x8_283",1,"2981_36NeopentaneNeopentane100_dim_S66x8",-1,"2981_36NeopentaneNeopentane100_monA_S66x8",-1,"2981_36NeopentaneNeopentane100_monB_S66x8",-1.753
"S66x8_284",1,"2982_36NeopentaneNeopentane105_dim_S66x8",-1,"2981_36NeopentaneNeopentane100_monA_S66x8",-1,"2981_36NeopentaneNeopentane100_monB_S66x8",-1.667
"S66x8_285",1,"2983_36NeopentaneNeopentane110_dim_S66x8",-1,"2981_36NeopentaneNeopentane100_monA_S66x8",-1,"2981_36NeopentaneNeopentane100_monB_S66x8",-1.524
"S66x8_286",1,"2984_36NeopentaneNeopentane125_dim_S66x8",-1,"2981_36NeopentaneNeopentane100_monA_S66x8",-1,"2981_36NeopentaneNeopentane100_monB_S66x8",-1.042
"S66x8_287",1,"2985_36NeopentaneNeopentane150_dim_S66x8",-1,"2981_36NeopentaneNeopentane100_monA_S66x8",-1,"2981_36NeopentaneNeopentane100_monB_S66x8",-0.504
"S66x8_288",1,"2986_36NeopentaneNeopentane200_dim_S66x8",-1,"2981_36NeopentaneNeopentane100_monA_S66x8",-1,"2981_36NeopentaneNeopentane100_monB_S66x8",-0.136
"S66x8_290",1,"2988_37CyclopentaneNeopentane095_dim_S66x8",-1,"2989_37CyclopentaneNeopentane100_monA_S66x8",-1,"2989_37CyclopentaneNeopentane100_monB_S66x8",-2.225
"S66x8_291",1,"2989_37CyclopentaneNeopentane100_dim_S66x8",-1,"2989_37CyclopentaneNeopentane100_monA_S66x8",-1,"2989_37CyclopentaneNeopentane100_monB_S66x8",-2.384
"S66x8_292",1,"2990_37CyclopentaneNeopentane105_dim_S66x8",-1,"2989_37CyclopentaneNeopentane100_monA_S66x8",-1,"2989_37CyclopentaneNeopentane100_monB_S66x8",-2.306
"S66x8_293",1,"2991_37CyclopentaneNeopentane110_dim_S66x8",-1,"2989_37CyclopentaneNeopentane100_monA_S66x8",-1,"2989_37CyclopentaneNeopentane100_monB_S66x8",-2.122
"S66x8_294",1,"2992_37CyclopentaneNeopentane125_dim_S66x8",-1,"2989_37CyclopentaneNeopentane100_monA_S66x8",-1,"2989_37CyclopentaneNeopentane100_monB_S66x8",-1.458
"S66x8_295",1,"2993_37CyclopentaneNeopentane150_dim_S66x8",-1,"2989_37CyclopentaneNeopentane100_monA_S66x8",-1,"2989_37CyclopentaneNeopentane100_monB_S66x8",-0.705
"S66x8_296",1,"2994_37CyclopentaneNeopentane200_dim_S66x8",-1,"2989_37CyclopentaneNeopentane100_monA_S66x8",-1,"2989_37CyclopentaneNeopentane100_monB_S66x8",-0.191
"S66x8_298",1,"2996_38CyclopentaneCyclopentane095_dim_S66x8",-1,"2997_38CyclopentaneCyclopentane100_monA_S66x8",-1,"2997_38CyclopentaneCyclopentane100_monB_S66x8",-2.811
"S66x8_299",1,"2997_38CyclopentaneCyclopentane100_dim_S66x8",-1,"2997_38CyclopentaneCyclopentane100_monA_S66x8",-1,"2997_38CyclopentaneCyclopentane100_monB_S66x8",-2.971
"S66x8_300",1,"2998_38CyclopentaneCyclopentane105_dim_S66x8",-1,"2997_38CyclopentaneCyclopentane100_monA_S66x8",-1,"2997_38CyclopentaneCyclopentane100_monB_S66x8",-2.839
"S66x8_301",1,"2999_38CyclopentaneCyclopentane110_dim_S66x8",-1,"2997_38CyclopentaneCyclopentane100_monA_S66x8",-1,"2997_38CyclopentaneCyclopentane100_monB_S66x8",-2.578
"S66x8_302",1,"3000_38CyclopentaneCyclopentane125_dim_S66x8",-1,"2997_38CyclopentaneCyclopentane100_monA_S66x8",-1,"2997_38CyclopentaneCyclopentane100_monB_S66x8",-1.705
"S66x8_303",1,"3001_38CyclopentaneCyclopentane150_dim_S66x8",-1,"2997_38CyclopentaneCyclopentane100_monA_S66x8",-1,"2997_38CyclopentaneCyclopentane100_monB_S66x8",-0.791
"S66x8_304",1,"3002_38CyclopentaneCyclopentane200_dim_S66x8",-1,"2997_38CyclopentaneCyclopentane100_monA_S66x8",-1,"2997_38CyclopentaneCyclopentane100_monB_S66x8",-0.207
"S66x8_306",1,"3004_39BenzeneCyclopentane095_dim_S66x8",-1,"3005_39BenzeneCyclopentane100_monA_S66x8",-1,"3005_39BenzeneCyclopentane100_monB_S66x8",-3.135
"S66x8_307",1,"3005_39BenzeneCyclopentane100_dim_S66x8",-1,"3005_39BenzeneCyclopentane100_monA_S66x8",-1,"3005_39BenzeneCyclopentane100_monB_S66x8",-3.496
"S66x8_308",1,"3006_39BenzeneCyclopentane105_dim_S66x8",-1,"3005_39BenzeneCyclopentane100_monA_S66x8",-1,"3005_39BenzeneCyclopentane100_monB_S66x8",-3.42
"S66x8_309",1,"3007_39BenzeneCyclopentane110_dim_S66x8",-1,"3005_39BenzeneCyclopentane100_monA_S66x8",-1,"3005_39BenzeneCyclopentane100_monB_S66x8",-3.135
"S66x8_310",1,"3008_39BenzeneCyclopentane125_dim_S66x8",-1,"3005_39BenzeneCyclopentane100_monA_S66x8",-1,"3005_39BenzeneCyclopentane100_monB_S66x8",-2.062
"S66x8_311",1,"3009_39BenzeneCyclopentane150_dim_S66x8",-1,"3005_39BenzeneCyclopentane100_monA_S66x8",-1,"3005_39BenzeneCyclopentane100_monB_S66x8",-0.903
"S66x8_312",1,"3010_39BenzeneCyclopentane200_dim_S66x8",-1,"3005_39BenzeneCyclopentane100_monA_S66x8",-1,"3005_39BenzeneCyclopentane100_monB_S66x8",-0.194
"S66x8_314",1,"3012_40BenzeneNeopentane095_dim_S66x8",-1,"3013_40BenzeneNeopentane100_monA_S66x8",-1,"3013_40BenzeneNeopentane100_monB_S66x8",-2.597
"S66x8_315",1,"3013_40BenzeneNeopentane100_dim_S66x8",-1,"3013_40BenzeneNeopentane100_monA_S66x8",-1,"3013_40BenzeneNeopentane100_monB_S66x8",-2.839
"S66x8_316",1,"3014_40BenzeneNeopentane105_dim_S66x8",-1,"3013_40BenzeneNeopentane100_monA_S66x8",-1,"3013_40BenzeneNeopentane100_monB_S66x8",-2.767
"S66x8_317",1,"3015_40BenzeneNeopentane110_dim_S66x8",-1,"3013_40BenzeneNeopentane100_monA_S66x8",-1,"3013_40BenzeneNeopentane100_monB_S66x8",-2.544
"S66x8_318",1,"3016_40BenzeneNeopentane125_dim_S66x8",-1,"3013_40BenzeneNeopentane100_monA_S66x8",-1,"3013_40BenzeneNeopentane100_monB_S66x8",-1.703
"S66x8_319",1,"3017_40BenzeneNeopentane150_dim_S66x8",-1,"3013_40BenzeneNeopentane100_monA_S66x8",-1,"3013_40BenzeneNeopentane100_monB_S66x8",-0.773
"S66x8_320",1,"3018_40BenzeneNeopentane200_dim_S66x8",-1,"3013_40BenzeneNeopentane100_monA_S66x8",-1,"3013_40BenzeneNeopentane100_monB_S66x8",-0.191
"S66x8_322",1,"3020_41UracilPentane095_dim_S66x8",-1,"3021_41UracilPentane100_monA_S66x8",-1,"3021_41UracilPentane100_monB_S66x8",-4.624
"S66x8_323",1,"3021_41UracilPentane100_dim_S66x8",-1,"3021_41UracilPentane100_monA_S66x8",-1,"3021_41UracilPentane100_monB_S66x8",-4.792
"S66x8_324",1,"3022_41UracilPentane105_dim_S66x8",-1,"3021_41UracilPentane100_monA_S66x8",-1,"3021_41UracilPentane100_monB_S66x8",-4.569
"S66x8_325",1,"3023_41UracilPentane110_dim_S66x8",-1,"3021_41UracilPentane100_monA_S66x8",-1,"3021_41UracilPentane100_monB_S66x8",-4.064
"S66x8_326",1,"3024_41UracilPentane125_dim_S66x8",-1,"3021_41UracilPentane100_monA_S66x8",-1,"3021_41UracilPentane100_monB_S66x8",-2.451
"S66x8_327",1,"3025_41UracilPentane150_dim_S66x8",-1,"3021_41UracilPentane100_monA_S66x8",-1,"3021_41UracilPentane100_monB_S66x8",-0.986
"S66x8_328",1,"3026_41UracilPentane200_dim_S66x8",-1,"3021_41UracilPentane100_monA_S66x8",-1,"3021_41UracilPentane100_monB_S66x8",-0.22
"S66x8_330",1,"3028_42UracilCyclopentane095_dim_S66x8",-1,"3029_42UracilCyclopentane100_monA_S66x8",-1,"3029_42UracilCyclopentane100_monB_S66x8",-3.91
"S66x8_331",1,"3029_42UracilCyclopentane100_dim_S66x8",-1,"3029_42UracilCyclopentane100_monA_S66x8",-1,"3029_42UracilCyclopentane100_monB_S66x8",-4.094
"S66x8_332",1,"3030_42UracilCyclopentane105_dim_S66x8",-1,"3029_42UracilCyclopentane100_monA_S66x8",-1,"3029_42UracilCyclopentane100_monB_S66x8",-3.895
"S66x8_333",1,"3031_42UracilCyclopentane110_dim_S66x8",-1,"3029_42UracilCyclopentane100_monA_S66x8",-1,"3029_42UracilCyclopentane100_monB_S66x8",-3.526
"S66x8_334",1,"3032_42UracilCyclopentane125_dim_S66x8",-1,"3029_42UracilCyclopentane100_monA_S66x8",-1,"3029_42UracilCyclopentane100_monB_S66x8",-2.298
"S66x8_335",1,"3033_42UracilCyclopentane150_dim_S66x8",-1,"3029_42UracilCyclopentane100_monA_S66x8",-1,"3029_42UracilCyclopentane100_monB_S66x8",-1.026
"S66x8_336",1,"3034_42UracilCyclopentane200_dim_S66x8",-1,"3029_42UracilCyclopentane100_monA_S66x8",-1,"3029_42UracilCyclopentane100_monB_S66x8",-0.253
"S66x8_338",1,"3036_43UracilNeopentane095_dim_S66x8",-1,"3037_43UracilNeopentane100_monA_S66x8",-1,"3037_43UracilNeopentane100_monB_S66x8",-3.56
"S66x8_339",1,"3037_43UracilNeopentane100_dim_S66x8",-1,"3037_43UracilNeopentane100_monA_S66x8",-1,"3037_43UracilNeopentane100_monB_S66x8",-3.678
"S66x8_340",1,"3038_43UracilNeopentane105_dim_S66x8",-1,"3037_43UracilNeopentane100_monA_S66x8",-1,"3037_43UracilNeopentane100_monB_S66x8",-3.478
"S66x8_341",1,"3039_43UracilNeopentane110_dim_S66x8",-1,"3037_43UracilNeopentane100_monA_S66x8",-1,"3037_43UracilNeopentane100_monB_S66x8",-3.142
"S66x8_342",1,"3040_43UracilNeopentane125_dim_S66x8",-1,"3037_43UracilNeopentane100_monA_S66x8",-1,"3037_43UracilNeopentane100_monB_S66x8",-2.055
"S66x8_343",1,"3041_43UracilNeopentane150_dim_S66x8",-1,"3037_43UracilNeopentane100_monA_S66x8",-1,"3037_43UracilNeopentane100_monB_S66x8",-0.932
"S66x8_344",1,"3042_43UracilNeopentane200_dim_S66x8",-1,"3037_43UracilNeopentane100_monA_S66x8",-1,"3037_43UracilNeopentane100_monB_S66x8",-0.235
"S66x8_346",1,"3044_44EthenePentane095_dim_S66x8",-1,"3045_44EthenePentane100_monA_S66x8",-1,"3045_44EthenePentane100_monB_S66x8",-1.918
"S66x8_347",1,"3045_44EthenePentane100_dim_S66x8",-1,"3045_44EthenePentane100_monA_S66x8",-1,"3045_44EthenePentane100_monB_S66x8",-1.948
"S66x8_348",1,"3046_44EthenePentane105_dim_S66x8",-1,"3045_44EthenePentane100_monA_S66x8",-1,"3045_44EthenePentane100_monB_S66x8",-1.83
"S66x8_349",1,"3047_44EthenePentane110_dim_S66x8",-1,"3045_44EthenePentane100_monA_S66x8",-1,"3045_44EthenePentane100_monB_S66x8",-1.648
"S66x8_350",1,"3048_44EthenePentane125_dim_S66x8",-1,"3045_44EthenePentane100_monA_S66x8",-1,"3045_44EthenePentane100_monB_S66x8",-1.078
"S66x8_351",1,"3049_44EthenePentane150_dim_S66x8",-1,"3045_44EthenePentane100_monA_S66x8",-1,"3045_44EthenePentane100_monB_S66x8",-0.49
"S66x8_352",1,"3050_44EthenePentane200_dim_S66x8",-1,"3045_44EthenePentane100_monA_S66x8",-1,"3045_44EthenePentane100_monB_S66x8",-0.121
"S66x8_354",1,"3052_45EthynePentane095_dim_S66x8",-1,"3053_45EthynePentane100_monA_S66x8",-1,"3053_45EthynePentane100_monB_S66x8",-1.526
"S66x8_355",1,"3053_45EthynePentane100_dim_S66x8",-1,"3053_45EthynePentane100_monA_S66x8",-1,"3053_45EthynePentane100_monB_S66x8",-1.669
"S66x8_356",1,"3054_45EthynePentane105_dim_S66x8",-1,"3053_45EthynePentane100_monA_S66x8",-1,"3053_45EthynePentane100_monB_S66x8",-1.616
"S66x8_357",1,"3055_45EthynePentane110_dim_S66x8",-1,"3053_45EthynePentane100_monA_S66x8",-1,"3053_45EthynePentane100_monB_S66x8",-1.473
"S66x8_358",1,"3056_45EthynePentane125_dim_S66x8",-1,"3053_45EthynePentane100_monA_S66x8",-1,"3053_45EthynePentane100_monB_S66x8",-0.958
"S66x8_359",1,"3057_45EthynePentane150_dim_S66x8",-1,"3053_45EthynePentane100_monA_S66x8",-1,"3053_45EthynePentane100_monB_S66x8",-0.418
"S66x8_360",1,"3058_45EthynePentane200_dim_S66x8",-1,"3053_45EthynePentane100_monA_S66x8",-1,"3053_45EthynePentane100_monB_S66x8",-0.097
"S66x8_362",1,"3060_46PeptidePentane095_dim_S66x8",-1,"3061_46PeptidePentane100_monA_S66x8",-1,"3061_46PeptidePentane100_monB_S66x8",-4.144
"S66x8_363",1,"3061_46PeptidePentane100_dim_S66x8",-1,"3061_46PeptidePentane100_monA_S66x8",-1,"3061_46PeptidePentane100_monB_S66x8",-4.195
"S66x8_364",1,"3062_46PeptidePentane105_dim_S66x8",-1,"3061_46PeptidePentane100_monA_S66x8",-1,"3061_46PeptidePentane100_monB_S66x8",-4.009
"S66x8_365",1,"3063_46PeptidePentane110_dim_S66x8",-1,"3061_46PeptidePentane100_monA_S66x8",-1,"3061_46PeptidePentane100_monB_S66x8",-3.7
"S66x8_366",1,"3064_46PeptidePentane125_dim_S66x8",-1,"3061_46PeptidePentane100_monA_S66x8",-1,"3061_46PeptidePentane100_monB_S66x8",-2.615
"S66x8_367",1,"3065_46PeptidePentane150_dim_S66x8",-1,"3061_46PeptidePentane100_monA_S66x8",-1,"3061_46PeptidePentane100_monB_S66x8",-1.19
"S66x8_368",1,"3066_46PeptidePentane200_dim_S66x8",-1,"3061_46PeptidePentane100_monA_S66x8",-1,"3061_46PeptidePentane100_monB_S66x8",-0.29
"S66x8_370",1,"3068_47BenzeneBenzeneTS095_dim_S66x8",-1,"3069_47BenzeneBenzeneTS100_monA_S66x8",-1,"3069_47BenzeneBenzeneTS100_monB_S66x8",-2.513
"S66x8_371",1,"3069_47BenzeneBenzeneTS100_dim_S66x8",-1,"3069_47BenzeneBenzeneTS100_monA_S66x8",-1,"3069_47BenzeneBenzeneTS100_monB_S66x8",-2.823
"S66x8_372",1,"3070_47BenzeneBenzeneTS105_dim_S66x8",-1,"3069_47BenzeneBenzeneTS100_monA_S66x8",-1,"3069_47BenzeneBenzeneTS100_monB_S66x8",-2.79
"S66x8_373",1,"3071_47BenzeneBenzeneTS110_dim_S66x8",-1,"3069_47BenzeneBenzeneTS100_monA_S66x8",-1,"3069_47BenzeneBenzeneTS100_monB_S66x8",-2.59
"S66x8_374",1,"3072_47BenzeneBenzeneTS125_dim_S66x8",-1,"3069_47BenzeneBenzeneTS100_monA_S66x8",-1,"3069_47BenzeneBenzeneTS100_monB_S66x8",-1.772
"S66x8_375",1,"3073_47BenzeneBenzeneTS150_dim_S66x8",-1,"3069_47BenzeneBenzeneTS100_monA_S66x8",-1,"3069_47BenzeneBenzeneTS100_monB_S66x8",-0.839
"S66x8_376",1,"3074_47BenzeneBenzeneTS200_dim_S66x8",-1,"3069_47BenzeneBenzeneTS100_monA_S66x8",-1,"3069_47BenzeneBenzeneTS100_monB_S66x8",-0.23
"S66x8_378",1,"3076_48PyridinePyridineTS095_dim_S66x8",-1,"3077_48PyridinePyridineTS100_monA_S66x8",-1,"3077_48PyridinePyridineTS100_monB_S66x8",-3.248
"S66x8_379",1,"3077_48PyridinePyridineTS100_dim_S66x8",-1,"3077_48PyridinePyridineTS100_monA_S66x8",-1,"3077_48PyridinePyridineTS100_monB_S66x8",-3.492
"S66x8_380",1,"3078_48PyridinePyridineTS105_dim_S66x8",-1,"3077_48PyridinePyridineTS100_monA_S66x8",-1,"3077_48PyridinePyridineTS100_monB_S66x8",-3.426
"S66x8_381",1,"3079_48PyridinePyridineTS110_dim_S66x8",-1,"3077_48PyridinePyridineTS100_monA_S66x8",-1,"3077_48PyridinePyridineTS100_monB_S66x8",-3.202
"S66x8_382",1,"3080_48PyridinePyridineTS125_dim_S66x8",-1,"3077_48PyridinePyridineTS100_monA_S66x8",-1,"3077_48PyridinePyridineTS100_monB_S66x8",-2.294
"S66x8_383",1,"3081_48PyridinePyridineTS150_dim_S66x8",-1,"3077_48PyridinePyridineTS100_monA_S66x8",-1,"3077_48PyridinePyridineTS100_monB_S66x8",-1.188
"S66x8_384",1,"3082_48PyridinePyridineTS200_dim_S66x8",-1,"3077_48PyridinePyridineTS100_monA_S66x8",-1,"3077_48PyridinePyridineTS100_monB_S66x8",-0.378
"S66x8_386",1,"3084_49BenzenePyridineTS095_dim_S66x8",-1,"3085_49BenzenePyridineTS100_monA_S66x8",-1,"3085_49BenzenePyridineTS100_monB_S66x8",-2.975
"S66x8_387",1,"3085_49BenzenePyridineTS100_dim_S66x8",-1,"3085_49BenzenePyridineTS100_monA_S66x8",-1,"3085_49BenzenePyridineTS100_monB_S66x8",-3.28
"S66x8_388",1,"3086_49BenzenePyridineTS105_dim_S66x8",-1,"3085_49BenzenePyridineTS100_monA_S66x8",-1,"3085_49BenzenePyridineTS100_monB_S66x8",-3.229
"S66x8_389",1,"3087_49BenzenePyridineTS110_dim_S66x8",-1,"3085_49BenzenePyridineTS100_monA_S66x8",-1,"3085_49BenzenePyridineTS100_monB_S66x8",-3.004
"S66x8_390",1,"3088_49BenzenePyridineTS125_dim_S66x8",-1,"3085_49BenzenePyridineTS100_monA_S66x8",-1,"3085_49BenzenePyridineTS100_monB_S66x8",-2.103
"S66x8_391",1,"3089_49BenzenePyridineTS150_dim_S66x8",-1,"3085_49BenzenePyridineTS100_monA_S66x8",-1,"3085_49BenzenePyridineTS100_monB_S66x8",-1.06
"S66x8_392",1,"3090_49BenzenePyridineTS200_dim_S66x8",-1,"3085_49BenzenePyridineTS100_monA_S66x8",-1,"3085_49BenzenePyridineTS100_monB_S66x8",-0.339
"S66x8_394",1,"3092_50BenzeneEthyneCHpi095_dim_S66x8",-1,"3093_50BenzeneEthyneCHpi100_monA_S66x8",-1,"3093_50BenzeneEthyneCHpi100_monB_S66x8",-2.585
"S66x8_395",1,"3093_50BenzeneEthyneCHpi100_dim_S66x8",-1,"3093_50BenzeneEthyneCHpi100_monA_S66x8",-1,"3093_50BenzeneEthyneCHpi100_monB_S66x8",-2.822
"S66x8_396",1,"3094_50BenzeneEthyneCHpi105_dim_S66x8",-1,"3093_50BenzeneEthyneCHpi100_monA_S66x8",-1,"3093_50BenzeneEthyneCHpi100_monB_S66x8",-2.764
"S66x8_397",1,"3095_50BenzeneEthyneCHpi110_dim_S66x8",-1,"3093_50BenzeneEthyneCHpi100_monA_S66x8",-1,"3093_50BenzeneEthyneCHpi100_monB_S66x8",-2.563
"S66x8_398",1,"3096_50BenzeneEthyneCHpi125_dim_S66x8",-1,"3093_50BenzeneEthyneCHpi100_monA_S66x8",-1,"3093_50BenzeneEthyneCHpi100_monB_S66x8",-1.785
"S66x8_399",1,"3097_50BenzeneEthyneCHpi150_dim_S66x8",-1,"3093_50BenzeneEthyneCHpi100_monA_S66x8",-1,"3093_50BenzeneEthyneCHpi100_monB_S66x8",-0.895
"S66x8_400",1,"3098_50BenzeneEthyneCHpi200_dim_S66x8",-1,"3093_50BenzeneEthyneCHpi100_monA_S66x8",-1,"3093_50BenzeneEthyneCHpi100_monB_S66x8",-0.274
"S66x8_402",1,"3100_51EthyneEthyneTS095_dim_S66x8",-1,"3101_51EthyneEthyneTS100_monA_S66x8",-1,"3101_51EthyneEthyneTS100_monB_S66x8",-1.449
"S66x8_403",1,"3101_51EthyneEthyneTS100_dim_S66x8",-1,"3101_51EthyneEthyneTS100_monA_S66x8",-1,"3101_51EthyneEthyneTS100_monB_S66x8",-1.506
"S66x8_404",1,"3102_51EthyneEthyneTS105_dim_S66x8",-1,"3101_51EthyneEthyneTS100_monA_S66x8",-1,"3101_51EthyneEthyneTS100_monB_S66x8",-1.449
"S66x8_405",1,"3103_51EthyneEthyneTS110_dim_S66x8",-1,"3101_51EthyneEthyneTS100_monA_S66x8",-1,"3101_51EthyneEthyneTS100_monB_S66x8",-1.335
"S66x8_406",1,"3104_51EthyneEthyneTS125_dim_S66x8",-1,"3101_51EthyneEthyneTS100_monA_S66x8",-1,"3101_51EthyneEthyneTS100_monB_S66x8",-0.93
"S66x8_407",1,"3105_51EthyneEthyneTS150_dim_S66x8",-1,"3101_51EthyneEthyneTS100_monA_S66x8",-1,"3101_51EthyneEthyneTS100_monB_S66x8",-0.462
"S66x8_408",1,"3106_51EthyneEthyneTS200_dim_S66x8",-1,"3101_51EthyneEthyneTS100_monA_S66x8",-1,"3101_51EthyneEthyneTS100_monB_S66x8",-0.135
"S66x8_410",1,"3108_52BenzeneAcOHOHpi095_dim_S66x8",-1,"3109_52BenzeneAcOHOHpi100_monA_S66x8",-1,"3109_52BenzeneAcOHOHpi100_monB_S66x8",-4.523
"S66x8_411",1,"3109_52BenzeneAcOHOHpi100_dim_S66x8",-1,"3109_52BenzeneAcOHOHpi100_monA_S66x8",-1,"3109_52BenzeneAcOHOHpi100_monB_S66x8",-4.661
"S66x8_412",1,"3110_52BenzeneAcOHOHpi105_dim_S66x8",-1,"3109_52BenzeneAcOHOHpi100_monA_S66x8",-1,"3109_52BenzeneAcOHOHpi100_monB_S66x8",-4.519
"S66x8_413",1,"3111_52BenzeneAcOHOHpi110_dim_S66x8",-1,"3109_52BenzeneAcOHOHpi100_monA_S66x8",-1,"3109_52BenzeneAcOHOHpi100_monB_S66x8",-4.228
"S66x8_414",1,"3112_52BenzeneAcOHOHpi125_dim_S66x8",-1,"3109_52BenzeneAcOHOHpi100_monA_S66x8",-1,"3109_52BenzeneAcOHOHpi100_monB_S66x8",-3.121
"S66x8_415",1,"3113_52BenzeneAcOHOHpi150_dim_S66x8",-1,"3109_52BenzeneAcOHOHpi100_monA_S66x8",-1,"3109_52BenzeneAcOHOHpi100_monB_S66x8",-1.705
"S66x8_416",1,"3114_52BenzeneAcOHOHpi200_dim_S66x8",-1,"3109_52BenzeneAcOHOHpi100_monA_S66x8",-1,"3109_52BenzeneAcOHOHpi100_monB_S66x8",-0.558
"S66x8_418",1,"3116_53BenzeneAcNH2NHpi095_dim_S66x8",-1,"3117_53BenzeneAcNH2NHpi100_monA_S66x8",-1,"3117_53BenzeneAcNH2NHpi100_monB_S66x8",-4.247
"S66x8_419",1,"3117_53BenzeneAcNH2NHpi100_dim_S66x8",-1,"3117_53BenzeneAcNH2NHpi100_monA_S66x8",-1,"3117_53BenzeneAcNH2NHpi100_monB_S66x8",-4.346
"S66x8_420",1,"3118_53BenzeneAcNH2NHpi105_dim_S66x8",-1,"3117_53BenzeneAcNH2NHpi100_monA_S66x8",-1,"3117_53BenzeneAcNH2NHpi100_monB_S66x8",-4.216
"S66x8_421",1,"3119_53BenzeneAcNH2NHpi110_dim_S66x8",-1,"3117_53BenzeneAcNH2NHpi100_monA_S66x8",-1,"3117_53BenzeneAcNH2NHpi100_monB_S66x8",-3.961
"S66x8_422",1,"3120_53BenzeneAcNH2NHpi125_dim_S66x8",-1,"3117_53BenzeneAcNH2NHpi100_monA_S66x8",-1,"3117_53BenzeneAcNH2NHpi100_monB_S66x8",-2.974
"S66x8_423",1,"3121_53BenzeneAcNH2NHpi150_dim_S66x8",-1,"3117_53BenzeneAcNH2NHpi100_monA_S66x8",-1,"3117_53BenzeneAcNH2NHpi100_monB_S66x8",-1.651
"S66x8_424",1,"3122_53BenzeneAcNH2NHpi200_dim_S66x8",-1,"3117_53BenzeneAcNH2NHpi100_monA_S66x8",-1,"3117_53BenzeneAcNH2NHpi100_monB_S66x8",-0.486
"S66x8_426",1,"3124_54BenzeneWaterOHpi095_dim_S66x8",-1,"3125_54BenzeneWaterOHpi100_monA_S66x8",-1,"3125_54BenzeneWaterOHpi100_monB_S66x8",-3.139
"S66x8_427",1,"3125_54BenzeneWaterOHpi100_dim_S66x8",-1,"3125_54BenzeneWaterOHpi100_monA_S66x8",-1,"3125_54BenzeneWaterOHpi100_monB_S66x8",-3.212
"S66x8_428",1,"3126_54BenzeneWaterOHpi105_dim_S66x8",-1,"3125_54BenzeneWaterOHpi100_monA_S66x8",-1,"3125_54BenzeneWaterOHpi100_monB_S66x8",-3.089
"S66x8_429",1,"3127_54BenzeneWaterOHpi110_dim_S66x8",-1,"3125_54BenzeneWaterOHpi100_monA_S66x8",-1,"3125_54BenzeneWaterOHpi100_monB_S66x8",-2.869
"S66x8_430",1,"3128_54BenzeneWaterOHpi125_dim_S66x8",-1,"3125_54BenzeneWaterOHpi100_monA_S66x8",-1,"3125_54BenzeneWaterOHpi100_monB_S66x8",-2.09
"S66x8_431",1,"3129_54BenzeneWaterOHpi150_dim_S66x8",-1,"3125_54BenzeneWaterOHpi100_monA_S66x8",-1,"3125_54BenzeneWaterOHpi100_monB_S66x8",-1.153
"S66x8_432",1,"3130_54BenzeneWaterOHpi200_dim_S66x8",-1,"3125_54BenzeneWaterOHpi100_monA_S66x8",-1,"3125_54BenzeneWaterOHpi100_monB_S66x8",-0.417
"S66x8_434",1,"3132_55BenzeneMeOHOHpi095_dim_S66x8",-1,"3133_55BenzeneMeOHOHpi100_monA_S66x8",-1,"3133_55BenzeneMeOHOHpi100_monB_S66x8",-3.941
"S66x8_435",1,"3133_55BenzeneMeOHOHpi100_dim_S66x8",-1,"3133_55BenzeneMeOHOHpi100_monA_S66x8",-1,"3133_55BenzeneMeOHOHpi100_monB_S66x8",-4.106
"S66x8_436",1,"3134_55BenzeneMeOHOHpi105_dim_S66x8",-1,"3133_55BenzeneMeOHOHpi100_monA_S66x8",-1,"3133_55BenzeneMeOHOHpi100_monB_S66x8",-4.005
"S66x8_437",1,"3135_55BenzeneMeOHOHpi110_dim_S66x8",-1,"3133_55BenzeneMeOHOHpi100_monA_S66x8",-1,"3133_55BenzeneMeOHOHpi100_monB_S66x8",-3.76
"S66x8_438",1,"3136_55BenzeneMeOHOHpi125_dim_S66x8",-1,"3133_55BenzeneMeOHOHpi100_monA_S66x8",-1,"3133_55BenzeneMeOHOHpi100_monB_S66x8",-2.786
"S66x8_439",1,"3137_55BenzeneMeOHOHpi150_dim_S66x8",-1,"3133_55BenzeneMeOHOHpi100_monA_S66x8",-1,"3133_55BenzeneMeOHOHpi100_monB_S66x8",-1.529
"S66x8_440",1,"3138_55BenzeneMeOHOHpi200_dim_S66x8",-1,"3133_55BenzeneMeOHOHpi100_monA_S66x8",-1,"3133_55BenzeneMeOHOHpi100_monB_S66x8",-0.521
"S66x8_442",1,"3140_56BenzeneMeNH2NHpi095_dim_S66x8",-1,"3141_56BenzeneMeNH2NHpi100_monA_S66x8",-1,"3141_56BenzeneMeNH2NHpi100_monB_S66x8",-2.983
"S66x8_443",1,"3141_56BenzeneMeNH2NHpi100_dim_S66x8",-1,"3141_56BenzeneMeNH2NHpi100_monA_S66x8",-1,"3141_56BenzeneMeNH2NHpi100_monB_S66x8",-3.153
"S66x8_444",1,"3142_56BenzeneMeNH2NHpi105_dim_S66x8",-1,"3141_56BenzeneMeNH2NHpi100_monA_S66x8",-1,"3141_56BenzeneMeNH2NHpi100_monB_S66x8",-3.062
"S66x8_445",1,"3143_56BenzeneMeNH2NHpi110_dim_S66x8",-1,"3141_56BenzeneMeNH2NHpi100_monA_S66x8",-1,"3141_56BenzeneMeNH2NHpi100_monB_S66x8",-2.823
"S66x8_446",1,"3144_56BenzeneMeNH2NHpi125_dim_S66x8",-1,"3141_56BenzeneMeNH2NHpi100_monA_S66x8",-1,"3141_56BenzeneMeNH2NHpi100_monB_S66x8",-1.939
"S66x8_447",1,"3145_56BenzeneMeNH2NHpi150_dim_S66x8",-1,"3141_56BenzeneMeNH2NHpi100_monA_S66x8",-1,"3141_56BenzeneMeNH2NHpi100_monB_S66x8",-0.941
"S66x8_448",1,"3146_56BenzeneMeNH2NHpi200_dim_S66x8",-1,"3141_56BenzeneMeNH2NHpi100_monA_S66x8",-1,"3141_56BenzeneMeNH2NHpi100_monB_S66x8",-0.264
"S66x8_450",1,"3148_57BenzenePeptideNHpi095_dim_S66x8",-1,"3149_57BenzenePeptideNHpi100_monA_S66x8",-1,"3149_57BenzenePeptideNHpi100_monB_S66x8",-4.866
"S66x8_451",1,"3149_57BenzenePeptideNHpi100_dim_S66x8",-1,"3149_57BenzenePeptideNHpi100_monA_S66x8",-1,"3149_57BenzenePeptideNHpi100_monB_S66x8",-5.22
"S66x8_452",1,"3150_57BenzenePeptideNHpi105_dim_S66x8",-1,"3149_57BenzenePeptideNHpi100_monA_S66x8",-1,"3149_57BenzenePeptideNHpi100_monB_S66x8",-5.105
"S66x8_453",1,"3151_57BenzenePeptideNHpi110_dim_S66x8",-1,"3149_57BenzenePeptideNHpi100_monA_S66x8",-1,"3149_57BenzenePeptideNHpi100_monB_S66x8",-4.759
"S66x8_454",1,"3152_57BenzenePeptideNHpi125_dim_S66x8",-1,"3149_57BenzenePeptideNHpi100_monA_S66x8",-1,"3149_57BenzenePeptideNHpi100_monB_S66x8",-3.419
"S66x8_455",1,"3153_57BenzenePeptideNHpi150_dim_S66x8",-1,"3149_57BenzenePeptideNHpi100_monA_S66x8",-1,"3149_57BenzenePeptideNHpi100_monB_S66x8",-1.818
"S66x8_456",1,"3154_57BenzenePeptideNHpi200_dim_S66x8",-1,"3149_57BenzenePeptideNHpi100_monA_S66x8",-1,"3149_57BenzenePeptideNHpi100_monB_S66x8",-0.626
"S66x8_458",1,"3156_58PyridinePyridineCHN095_dim_S66x8",-1,"3157_58PyridinePyridineCHN100_monA_S66x8",-1,"3157_58PyridinePyridineCHN100_monB_S66x8",-3.887
"S66x8_459",1,"3157_58PyridinePyridineCHN100_dim_S66x8",-1,"3157_58PyridinePyridineCHN100_monA_S66x8",-1,"3157_58PyridinePyridineCHN100_monB_S66x8",-4.194
"S66x8_460",1,"3158_58PyridinePyridineCHN105_dim_S66x8",-1,"3157_58PyridinePyridineCHN100_monA_S66x8",-1,"3157_58PyridinePyridineCHN100_monB_S66x8",-3.921
"S66x8_461",1,"3159_58PyridinePyridineCHN110_dim_S66x8",-1,"3157_58PyridinePyridineCHN100_monA_S66x8",-1,"3157_58PyridinePyridineCHN100_monB_S66x8",-3.474
"S66x8_462",1,"3160_58PyridinePyridineCHN125_dim_S66x8",-1,"3157_58PyridinePyridineCHN100_monA_S66x8",-1,"3157_58PyridinePyridineCHN100_monB_S66x8",-2.199
"S66x8_463",1,"3161_58PyridinePyridineCHN150_dim_S66x8",-1,"3157_58PyridinePyridineCHN100_monA_S66x8",-1,"3157_58PyridinePyridineCHN100_monB_S66x8",-1.025
"S66x8_464",1,"3162_58PyridinePyridineCHN200_dim_S66x8",-1,"3157_58PyridinePyridineCHN100_monA_S66x8",-1,"3157_58PyridinePyridineCHN100_monB_S66x8",-0.281
"S66x8_466",1,"3164_59EthyneWaterCHO095_dim_S66x8",-1,"3165_59EthyneWaterCHO100_monA_S66x8",-1,"3165_59EthyneWaterCHO100_monB_S66x8",-2.844
"S66x8_467",1,"3165_59EthyneWaterCHO100_dim_S66x8",-1,"3165_59EthyneWaterCHO100_monA_S66x8",-1,"3165_59EthyneWaterCHO100_monB_S66x8",-2.883
"S66x8_468",1,"3166_59EthyneWaterCHO105_dim_S66x8",-1,"3165_59EthyneWaterCHO100_monA_S66x8",-1,"3165_59EthyneWaterCHO100_monB_S66x8",-2.788
"S66x8_469",1,"3167_59EthyneWaterCHO110_dim_S66x8",-1,"3165_59EthyneWaterCHO100_monA_S66x8",-1,"3165_59EthyneWaterCHO100_monB_S66x8",-2.618
"S66x8_470",1,"3168_59EthyneWaterCHO125_dim_S66x8",-1,"3165_59EthyneWaterCHO100_monA_S66x8",-1,"3165_59EthyneWaterCHO100_monB_S66x8",-1.994
"S66x8_471",1,"3169_59EthyneWaterCHO150_dim_S66x8",-1,"3165_59EthyneWaterCHO100_monA_S66x8",-1,"3165_59EthyneWaterCHO100_monB_S66x8",-1.177
"S66x8_472",1,"3170_59EthyneWaterCHO200_dim_S66x8",-1,"3165_59EthyneWaterCHO100_monA_S66x8",-1,"3165_59EthyneWaterCHO100_monB_S66x8",-0.46
"S66x8_474",1,"3172_60EthyneAcOHOHpi095_dim_S66x8",-1,"3173_60EthyneAcOHOHpi100_monA_S66x8",-1,"3173_60EthyneAcOHOHpi100_monB_S66x8",-4.788
"S66x8_475",1,"3173_60EthyneAcOHOHpi100_dim_S66x8",-1,"3173_60EthyneAcOHOHpi100_monA_S66x8",-1,"3173_60EthyneAcOHOHpi100_monB_S66x8",-4.863
"S66x8_476",1,"3174_60EthyneAcOHOHpi105_dim_S66x8",-1,"3173_60EthyneAcOHOHpi100_monA_S66x8",-1,"3173_60EthyneAcOHOHpi100_monB_S66x8",-4.692
"S66x8_477",1,"3175_60EthyneAcOHOHpi110_dim_S66x8",-1,"3173_60EthyneAcOHOHpi100_monA_S66x8",-1,"3173_60EthyneAcOHOHpi100_monB_S66x8",-4.385
"S66x8_478",1,"3176_60EthyneAcOHOHpi125_dim_S66x8",-1,"3173_60EthyneAcOHOHpi100_monA_S66x8",-1,"3173_60EthyneAcOHOHpi100_monB_S66x8",-3.248
"S66x8_479",1,"3177_60EthyneAcOHOHpi150_dim_S66x8",-1,"3173_60EthyneAcOHOHpi100_monA_S66x8",-1,"3173_60EthyneAcOHOHpi100_monB_S66x8",-1.769
"S66x8_480",1,"3178_60EthyneAcOHOHpi200_dim_S66x8",-1,"3173_60EthyneAcOHOHpi100_monA_S66x8",-1,"3173_60EthyneAcOHOHpi100_monB_S66x8",-0.557
"S66x8_482",1,"3180_61PentaneAcOH095_dim_S66x8",-1,"3181_61PentaneAcOH100_monA_S66x8",-1,"3181_61PentaneAcOH100_monB_S66x8",-2.852
"S66x8_483",1,"3181_61PentaneAcOH100_dim_S66x8",-1,"3181_61PentaneAcOH100_monA_S66x8",-1,"3181_61PentaneAcOH100_monB_S66x8",-2.839
"S66x8_484",1,"3182_61PentaneAcOH105_dim_S66x8",-1,"3181_61PentaneAcOH100_monA_S66x8",-1,"3181_61PentaneAcOH100_monB_S66x8",-2.697
"S66x8_485",1,"3183_61PentaneAcOH110_dim_S66x8",-1,"3181_61PentaneAcOH100_monA_S66x8",-1,"3181_61PentaneAcOH100_monB_S66x8",-2.488
"S66x8_486",1,"3184_61PentaneAcOH125_dim_S66x8",-1,"3181_61PentaneAcOH100_monA_S66x8",-1,"3181_61PentaneAcOH100_monB_S66x8",-1.775
"S66x8_487",1,"3185_61PentaneAcOH150_dim_S66x8",-1,"3181_61PentaneAcOH100_monA_S66x8",-1,"3181_61PentaneAcOH100_monB_S66x8",-0.784
"S66x8_488",1,"3186_61PentaneAcOH200_dim_S66x8",-1,"3181_61PentaneAcOH100_monA_S66x8",-1,"3181_61PentaneAcOH100_monB_S66x8",-0.171
"S66x8_490",1,"3188_62PentaneAcNH2095_dim_S66x8",-1,"3189_62PentaneAcNH2100_monA_S66x8",-1,"3189_62PentaneAcNH2100_monB_S66x8",-3.442
"S66x8_491",1,"3189_62PentaneAcNH2100_dim_S66x8",-1,"3189_62PentaneAcNH2100_monA_S66x8",-1,"3189_62PentaneAcNH2100_monB_S66x8",-3.458
"S66x8_492",1,"3190_62PentaneAcNH2105_dim_S66x8",-1,"3189_62PentaneAcNH2100_monA_S66x8",-1,"3189_62PentaneAcNH2100_monB_S66x8",-3.283
"S66x8_493",1,"3191_62PentaneAcNH2110_dim_S66x8",-1,"3189_62PentaneAcNH2100_monA_S66x8",-1,"3189_62PentaneAcNH2100_monB_S66x8",-3.013
"S66x8_494",1,"3192_62PentaneAcNH2125_dim_S66x8",-1,"3189_62PentaneAcNH2100_monA_S66x8",-1,"3189_62PentaneAcNH2100_monB_S66x8",-2.102
"S66x8_495",1,"3193_62PentaneAcNH2150_dim_S66x8",-1,"3189_62PentaneAcNH2100_monA_S66x8",-1,"3189_62PentaneAcNH2100_monB_S66x8",-1.041
"S66x8_496",1,"3194_62PentaneAcNH2200_dim_S66x8",-1,"3189_62PentaneAcNH2100_monA_S66x8",-1,"3189_62PentaneAcNH2100_monB_S66x8",-0.276
"S66x8_498",1,"3196_63BenzeneAcOH095_dim_S66x8",-1,"3197_63BenzeneAcOH100_monA_S66x8",-1,"3197_63BenzeneAcOH100_monB_S66x8",-3.483
"S66x8_499",1,"3197_63BenzeneAcOH100_dim_S66x8",-1,"3197_63BenzeneAcOH100_monA_S66x8",-1,"3197_63BenzeneAcOH100_monB_S66x8",-3.715
"S66x8_500",1,"3198_63BenzeneAcOH105_dim_S66x8",-1,"3197_63BenzeneAcOH100_monA_S66x8",-1,"3197_63BenzeneAcOH100_monB_S66x8",-3.591
"S66x8_501",1,"3199_63BenzeneAcOH110_dim_S66x8",-1,"3197_63BenzeneAcOH100_monA_S66x8",-1,"3197_63BenzeneAcOH100_monB_S66x8",-3.296
"S66x8_502",1,"3200_63BenzeneAcOH125_dim_S66x8",-1,"3197_63BenzeneAcOH100_monA_S66x8",-1,"3197_63BenzeneAcOH100_monB_S66x8",-2.226
"S66x8_503",1,"3201_63BenzeneAcOH150_dim_S66x8",-1,"3197_63BenzeneAcOH100_monA_S66x8",-1,"3197_63BenzeneAcOH100_monB_S66x8",-1.024
"S66x8_504",1,"3202_63BenzeneAcOH200_dim_S66x8",-1,"3197_63BenzeneAcOH100_monA_S66x8",-1,"3197_63BenzeneAcOH100_monB_S66x8",-0.265
"S66x8_506",1,"3204_64PeptideEthene095_dim_S66x8",-1,"3205_64PeptideEthene100_monA_S66x8",-1,"3205_64PeptideEthene100_monB_S66x8",-2.893
"S66x8_507",1,"3205_64PeptideEthene100_dim_S66x8",-1,"3205_64PeptideEthene100_monA_S66x8",-1,"3205_64PeptideEthene100_monB_S66x8",-2.945
"S66x8_508",1,"3206_64PeptideEthene105_dim_S66x8",-1,"3205_64PeptideEthene100_monA_S66x8",-1,"3205_64PeptideEthene100_monB_S66x8",-2.82
"S66x8_509",1,"3207_64PeptideEthene110_dim_S66x8",-1,"3205_64PeptideEthene100_monA_S66x8",-1,"3205_64PeptideEthene100_monB_S66x8",-2.605
"S66x8_510",1,"3208_64PeptideEthene125_dim_S66x8",-1,"3205_64PeptideEthene100_monA_S66x8",-1,"3205_64PeptideEthene100_monB_S66x8",-1.846
"S66x8_511",1,"3209_64PeptideEthene150_dim_S66x8",-1,"3205_64PeptideEthene100_monA_S66x8",-1,"3205_64PeptideEthene100_monB_S66x8",-0.878
"S66x8_512",1,"3210_64PeptideEthene200_dim_S66x8",-1,"3205_64PeptideEthene100_monA_S66x8",-1,"3205_64PeptideEthene100_monB_S66x8",-0.191
"S66x8_514",1,"3212_65PyridineEthyne095_dim_S66x8",-1,"3213_65PyridineEthyne100_monA_S66x8",-1,"3213_65PyridineEthyne100_monB_S66x8",-4.002
"S66x8_515",1,"3213_65PyridineEthyne100_dim_S66x8",-1,"3213_65PyridineEthyne100_monA_S66x8",-1,"3213_65PyridineEthyne100_monB_S66x8",-4.065
"S66x8_516",1,"3214_65PyridineEthyne105_dim_S66x8",-1,"3213_65PyridineEthyne100_monA_S66x8",-1,"3213_65PyridineEthyne100_monB_S66x8",-3.948
"S66x8_517",1,"3215_65PyridineEthyne110_dim_S66x8",-1,"3213_65PyridineEthyne100_monA_S66x8",-1,"3213_65PyridineEthyne100_monB_S66x8",-3.727
"S66x8_518",1,"3216_65PyridineEthyne125_dim_S66x8",-1,"3213_65PyridineEthyne100_monA_S66x8",-1,"3213_65PyridineEthyne100_monB_S66x8",-2.87
"S66x8_519",1,"3217_65PyridineEthyne150_dim_S66x8",-1,"3213_65PyridineEthyne100_monA_S66x8",-1,"3213_65PyridineEthyne100_monB_S66x8",-1.684
"S66x8_520",1,"3218_65PyridineEthyne200_dim_S66x8",-1,"3213_65PyridineEthyne100_monA_S66x8",-1,"3213_65PyridineEthyne100_monB_S66x8",-0.623
"S66x8_522",1,"3220_66MeNH2Pyridine095_dim_S66x8",-1,"3221_66MeNH2Pyridine100_monA_S66x8",-1,"3221_66MeNH2Pyridine100_monB_S66x8",-3.803
"S66x8_523",1,"3221_66MeNH2Pyridine100_dim_S66x8",-1,"3221_66MeNH2Pyridine100_monA_S66x8",-1,"3221_66MeNH2Pyridine100_monB_S66x8",-3.907
"S66x8_524",1,"3222_66MeNH2Pyridine105_dim_S66x8",-1,"3221_66MeNH2Pyridine100_monA_S66x8",-1,"3221_66MeNH2Pyridine100_monB_S66x8",-3.803
"S66x8_525",1,"3223_66MeNH2Pyridine110_dim_S66x8",-1,"3221_66MeNH2Pyridine100_monA_S66x8",-1,"3221_66MeNH2Pyridine100_monB_S66x8",-3.582
"S66x8_526",1,"3224_66MeNH2Pyridine125_dim_S66x8",-1,"3221_66MeNH2Pyridine100_monA_S66x8",-1,"3221_66MeNH2Pyridine100_monB_S66x8",-2.697
"S66x8_527",1,"3225_66MeNH2Pyridine150_dim_S66x8",-1,"3221_66MeNH2Pyridine100_monA_S66x8",-1,"3221_66MeNH2Pyridine100_monB_S66x8",-1.502
"S66x8_528",1,"3226_66MeNH2Pyridine200_dim_S66x8",-1,"3221_66MeNH2Pyridine100_monA_S66x8",-1,"3221_66MeNH2Pyridine100_monB_S66x8",-0.497
